,word,pos_tag,tag_type,sentence
0,johensley,NNP,PROPN,johensley darcyshepherd jeffreyguterman realdonaldtrump different vaccine different ingredient take covid second efficacy fine also thevaccine made recombinant dna made mrna really hate people spread misinformation luciferase enzyme vaccine
1,darcyshepherd,NNP,PROPN,johensley darcyshepherd jeffreyguterman realdonaldtrump different vaccine different ingredient take covid second efficacy fine also thevaccine made recombinant dna made mrna really hate people spread misinformation luciferase enzyme vaccine
2,jeffreyguterman,NNP,PROPN,johensley darcyshepherd jeffreyguterman realdonaldtrump different vaccine different ingredient take covid second efficacy fine also thevaccine made recombinant dna made mrna really hate people spread misinformation luciferase enzyme vaccine
3,realdonaldtrump,VB,VERB,johensley darcyshepherd jeffreyguterman realdonaldtrump different vaccine different ingredient take covid second efficacy fine also thevaccine made recombinant dna made mrna really hate people spread misinformation luciferase enzyme vaccine
4,different,JJ,ADJ,johensley darcyshepherd jeffreyguterman realdonaldtrump different vaccine different ingredient take covid second efficacy fine also thevaccine made recombinant dna made mrna really hate people spread misinformation luciferase enzyme vaccine
5,vaccine,NN,NOUN,johensley darcyshepherd jeffreyguterman realdonaldtrump different vaccine different ingredient take covid second efficacy fine also thevaccine made recombinant dna made mrna really hate people spread misinformation luciferase enzyme vaccine
6,different,JJ,ADJ,johensley darcyshepherd jeffreyguterman realdonaldtrump different vaccine different ingredient take covid second efficacy fine also thevaccine made recombinant dna made mrna really hate people spread misinformation luciferase enzyme vaccine
7,ingredient,NN,NOUN,johensley darcyshepherd jeffreyguterman realdonaldtrump different vaccine different ingredient take covid second efficacy fine also thevaccine made recombinant dna made mrna really hate people spread misinformation luciferase enzyme vaccine
8,take,VB,VERB,johensley darcyshepherd jeffreyguterman realdonaldtrump different vaccine different ingredient take covid second efficacy fine also thevaccine made recombinant dna made mrna really hate people spread misinformation luciferase enzyme vaccine
9,covid,JJ,ADJ,johensley darcyshepherd jeffreyguterman realdonaldtrump different vaccine different ingredient take covid second efficacy fine also thevaccine made recombinant dna made mrna really hate people spread misinformation luciferase enzyme vaccine
10,second,JJ,ADJ,johensley darcyshepherd jeffreyguterman realdonaldtrump different vaccine different ingredient take covid second efficacy fine also thevaccine made recombinant dna made mrna really hate people spread misinformation luciferase enzyme vaccine
11,efficacy,NN,NOUN,johensley darcyshepherd jeffreyguterman realdonaldtrump different vaccine different ingredient take covid second efficacy fine also thevaccine made recombinant dna made mrna really hate people spread misinformation luciferase enzyme vaccine
12,fine,NN,NOUN,johensley darcyshepherd jeffreyguterman realdonaldtrump different vaccine different ingredient take covid second efficacy fine also thevaccine made recombinant dna made mrna really hate people spread misinformation luciferase enzyme vaccine
13,also,RB,ADV,johensley darcyshepherd jeffreyguterman realdonaldtrump different vaccine different ingredient take covid second efficacy fine also thevaccine made recombinant dna made mrna really hate people spread misinformation luciferase enzyme vaccine
14,thevaccine,VBP,VERB,johensley darcyshepherd jeffreyguterman realdonaldtrump different vaccine different ingredient take covid second efficacy fine also thevaccine made recombinant dna made mrna really hate people spread misinformation luciferase enzyme vaccine
15,made,VBD,VERB,johensley darcyshepherd jeffreyguterman realdonaldtrump different vaccine different ingredient take covid second efficacy fine also thevaccine made recombinant dna made mrna really hate people spread misinformation luciferase enzyme vaccine
16,recombinant,JJ,ADJ,johensley darcyshepherd jeffreyguterman realdonaldtrump different vaccine different ingredient take covid second efficacy fine also thevaccine made recombinant dna made mrna really hate people spread misinformation luciferase enzyme vaccine
17,dna,NN,NOUN,johensley darcyshepherd jeffreyguterman realdonaldtrump different vaccine different ingredient take covid second efficacy fine also thevaccine made recombinant dna made mrna really hate people spread misinformation luciferase enzyme vaccine
18,made,VBD,VERB,johensley darcyshepherd jeffreyguterman realdonaldtrump different vaccine different ingredient take covid second efficacy fine also thevaccine made recombinant dna made mrna really hate people spread misinformation luciferase enzyme vaccine
19,mrna,NN,NOUN,johensley darcyshepherd jeffreyguterman realdonaldtrump different vaccine different ingredient take covid second efficacy fine also thevaccine made recombinant dna made mrna really hate people spread misinformation luciferase enzyme vaccine
20,really,RB,ADV,johensley darcyshepherd jeffreyguterman realdonaldtrump different vaccine different ingredient take covid second efficacy fine also thevaccine made recombinant dna made mrna really hate people spread misinformation luciferase enzyme vaccine
21,hate,VBP,VERB,johensley darcyshepherd jeffreyguterman realdonaldtrump different vaccine different ingredient take covid second efficacy fine also thevaccine made recombinant dna made mrna really hate people spread misinformation luciferase enzyme vaccine
22,people,NNS,NOUN,johensley darcyshepherd jeffreyguterman realdonaldtrump different vaccine different ingredient take covid second efficacy fine also thevaccine made recombinant dna made mrna really hate people spread misinformation luciferase enzyme vaccine
23,spread,VBD,VERB,johensley darcyshepherd jeffreyguterman realdonaldtrump different vaccine different ingredient take covid second efficacy fine also thevaccine made recombinant dna made mrna really hate people spread misinformation luciferase enzyme vaccine
24,misinformation,NN,NOUN,johensley darcyshepherd jeffreyguterman realdonaldtrump different vaccine different ingredient take covid second efficacy fine also thevaccine made recombinant dna made mrna really hate people spread misinformation luciferase enzyme vaccine
25,luciferase,VBP,VERB,johensley darcyshepherd jeffreyguterman realdonaldtrump different vaccine different ingredient take covid second efficacy fine also thevaccine made recombinant dna made mrna really hate people spread misinformation luciferase enzyme vaccine
26,enzyme,FW,X,johensley darcyshepherd jeffreyguterman realdonaldtrump different vaccine different ingredient take covid second efficacy fine also thevaccine made recombinant dna made mrna really hate people spread misinformation luciferase enzyme vaccine
27,vaccine,NN,NOUN,johensley darcyshepherd jeffreyguterman realdonaldtrump different vaccine different ingredient take covid second efficacy fine also thevaccine made recombinant dna made mrna really hate people spread misinformation luciferase enzyme vaccine
28,may,MD,AUX,may remind vaccine isnt caught covid also prevent
29,remind,VB,VERB,may remind vaccine isnt caught covid also prevent
30,vaccine,NN,NOUN,may remind vaccine isnt caught covid also prevent
31,is,VBZ,AUX,may remind vaccine isnt caught covid also prevent
32,nt,RB,PART,may remind vaccine isnt caught covid also prevent
33,caught,VBN,VERB,may remind vaccine isnt caught covid also prevent
34,covid,JJ,ADJ,may remind vaccine isnt caught covid also prevent
35,also,RB,ADV,may remind vaccine isnt caught covid also prevent
36,prevent,VB,VERB,may remind vaccine isnt caught covid also prevent
37,mjackermanmdphd,NNP,PROPN,mjackermanmdphd hi dr ackerman like know going discus safe covid vaccine lqts patient
38,hi,NNP,PROPN,mjackermanmdphd hi dr ackerman like know going discus safe covid vaccine lqts patient
39,dr,NNP,PROPN,mjackermanmdphd hi dr ackerman like know going discus safe covid vaccine lqts patient
40,ackerman,NNP,PROPN,mjackermanmdphd hi dr ackerman like know going discus safe covid vaccine lqts patient
41,like,IN,ADP,mjackermanmdphd hi dr ackerman like know going discus safe covid vaccine lqts patient
42,know,VBP,VERB,mjackermanmdphd hi dr ackerman like know going discus safe covid vaccine lqts patient
43,going,VBG,VERB,mjackermanmdphd hi dr ackerman like know going discus safe covid vaccine lqts patient
44,discus,NN,NOUN,mjackermanmdphd hi dr ackerman like know going discus safe covid vaccine lqts patient
45,safe,JJ,ADJ,mjackermanmdphd hi dr ackerman like know going discus safe covid vaccine lqts patient
46,covid,JJ,ADJ,mjackermanmdphd hi dr ackerman like know going discus safe covid vaccine lqts patient
47,vaccine,NN,NOUN,mjackermanmdphd hi dr ackerman like know going discus safe covid vaccine lqts patient
48,lqts,NN,NOUN,mjackermanmdphd hi dr ackerman like know going discus safe covid vaccine lqts patient
49,patient,NNP,PROPN,mjackermanmdphd hi dr ackerman like know going discus safe covid vaccine lqts patient
50,shandro,NNP,PROPN,shandro hinshaw give covid vaccine update noon
51,hinshaw,NNP,PROPN,shandro hinshaw give covid vaccine update noon
52,give,VBP,VERB,shandro hinshaw give covid vaccine update noon
53,covid,JJ,ADJ,shandro hinshaw give covid vaccine update noon
54,vaccine,NN,NOUN,shandro hinshaw give covid vaccine update noon
55,update,NN,NOUN,shandro hinshaw give covid vaccine update noon
56,noon,NN,NOUN,shandro hinshaw give covid vaccine update noon
57,ever,RB,ADV,ever noticed announced yesterday december th great vaccine protect covid effective took le year develop yet still cure cancer year
58,noticed,VBN,VERB,ever noticed announced yesterday december th great vaccine protect covid effective took le year develop yet still cure cancer year
59,announced,VBN,VERB,ever noticed announced yesterday december th great vaccine protect covid effective took le year develop yet still cure cancer year
60,yesterday,NN,NOUN,ever noticed announced yesterday december th great vaccine protect covid effective took le year develop yet still cure cancer year
61,december,NNP,PROPN,ever noticed announced yesterday december th great vaccine protect covid effective took le year develop yet still cure cancer year
62,th,XX,X,ever noticed announced yesterday december th great vaccine protect covid effective took le year develop yet still cure cancer year
63,great,JJ,ADJ,ever noticed announced yesterday december th great vaccine protect covid effective took le year develop yet still cure cancer year
64,vaccine,NN,NOUN,ever noticed announced yesterday december th great vaccine protect covid effective took le year develop yet still cure cancer year
65,protect,VBP,VERB,ever noticed announced yesterday december th great vaccine protect covid effective took le year develop yet still cure cancer year
66,covid,JJ,ADJ,ever noticed announced yesterday december th great vaccine protect covid effective took le year develop yet still cure cancer year
67,effective,JJ,ADJ,ever noticed announced yesterday december th great vaccine protect covid effective took le year develop yet still cure cancer year
68,took,VBD,VERB,ever noticed announced yesterday december th great vaccine protect covid effective took le year develop yet still cure cancer year
69,le,FW,X,ever noticed announced yesterday december th great vaccine protect covid effective took le year develop yet still cure cancer year
70,year,NN,NOUN,ever noticed announced yesterday december th great vaccine protect covid effective took le year develop yet still cure cancer year
71,develop,VB,VERB,ever noticed announced yesterday december th great vaccine protect covid effective took le year develop yet still cure cancer year
72,yet,RB,ADV,ever noticed announced yesterday december th great vaccine protect covid effective took le year develop yet still cure cancer year
73,still,RB,ADV,ever noticed announced yesterday december th great vaccine protect covid effective took le year develop yet still cure cancer year
74,cure,VB,VERB,ever noticed announced yesterday december th great vaccine protect covid effective took le year develop yet still cure cancer year
75,cancer,NN,NOUN,ever noticed announced yesterday december th great vaccine protect covid effective took le year develop yet still cure cancer year
76,year,NN,NOUN,ever noticed announced yesterday december th great vaccine protect covid effective took le year develop yet still cure cancer year
77,covid_long,NNP,PROPN,covid_long longcovid anaphylaxis troublesome year problem ade cv vaccine covid vaccine designed elicit neutralizing antibody may sensitize vaccine recipient severe disease vaccinated
78,longcovid,NNP,PROPN,covid_long longcovid anaphylaxis troublesome year problem ade cv vaccine covid vaccine designed elicit neutralizing antibody may sensitize vaccine recipient severe disease vaccinated
79,anaphylaxis,NNP,PROPN,covid_long longcovid anaphylaxis troublesome year problem ade cv vaccine covid vaccine designed elicit neutralizing antibody may sensitize vaccine recipient severe disease vaccinated
80,troublesome,NNP,PROPN,covid_long longcovid anaphylaxis troublesome year problem ade cv vaccine covid vaccine designed elicit neutralizing antibody may sensitize vaccine recipient severe disease vaccinated
81,year,NN,NOUN,covid_long longcovid anaphylaxis troublesome year problem ade cv vaccine covid vaccine designed elicit neutralizing antibody may sensitize vaccine recipient severe disease vaccinated
82,problem,NN,NOUN,covid_long longcovid anaphylaxis troublesome year problem ade cv vaccine covid vaccine designed elicit neutralizing antibody may sensitize vaccine recipient severe disease vaccinated
83,ade,NNP,PROPN,covid_long longcovid anaphylaxis troublesome year problem ade cv vaccine covid vaccine designed elicit neutralizing antibody may sensitize vaccine recipient severe disease vaccinated
84,cv,NNP,PROPN,covid_long longcovid anaphylaxis troublesome year problem ade cv vaccine covid vaccine designed elicit neutralizing antibody may sensitize vaccine recipient severe disease vaccinated
85,vaccine,NNP,PROPN,covid_long longcovid anaphylaxis troublesome year problem ade cv vaccine covid vaccine designed elicit neutralizing antibody may sensitize vaccine recipient severe disease vaccinated
86,covid,NNP,PROPN,covid_long longcovid anaphylaxis troublesome year problem ade cv vaccine covid vaccine designed elicit neutralizing antibody may sensitize vaccine recipient severe disease vaccinated
87,vaccine,NN,NOUN,covid_long longcovid anaphylaxis troublesome year problem ade cv vaccine covid vaccine designed elicit neutralizing antibody may sensitize vaccine recipient severe disease vaccinated
88,designed,VBD,VERB,covid_long longcovid anaphylaxis troublesome year problem ade cv vaccine covid vaccine designed elicit neutralizing antibody may sensitize vaccine recipient severe disease vaccinated
89,elicit,JJ,ADJ,covid_long longcovid anaphylaxis troublesome year problem ade cv vaccine covid vaccine designed elicit neutralizing antibody may sensitize vaccine recipient severe disease vaccinated
90,neutralizing,VBG,VERB,covid_long longcovid anaphylaxis troublesome year problem ade cv vaccine covid vaccine designed elicit neutralizing antibody may sensitize vaccine recipient severe disease vaccinated
91,antibody,NN,NOUN,covid_long longcovid anaphylaxis troublesome year problem ade cv vaccine covid vaccine designed elicit neutralizing antibody may sensitize vaccine recipient severe disease vaccinated
92,may,MD,AUX,covid_long longcovid anaphylaxis troublesome year problem ade cv vaccine covid vaccine designed elicit neutralizing antibody may sensitize vaccine recipient severe disease vaccinated
93,sensitize,VB,VERB,covid_long longcovid anaphylaxis troublesome year problem ade cv vaccine covid vaccine designed elicit neutralizing antibody may sensitize vaccine recipient severe disease vaccinated
94,vaccine,NN,NOUN,covid_long longcovid anaphylaxis troublesome year problem ade cv vaccine covid vaccine designed elicit neutralizing antibody may sensitize vaccine recipient severe disease vaccinated
95,recipient,NN,NOUN,covid_long longcovid anaphylaxis troublesome year problem ade cv vaccine covid vaccine designed elicit neutralizing antibody may sensitize vaccine recipient severe disease vaccinated
96,severe,JJ,ADJ,covid_long longcovid anaphylaxis troublesome year problem ade cv vaccine covid vaccine designed elicit neutralizing antibody may sensitize vaccine recipient severe disease vaccinated
97,disease,NN,NOUN,covid_long longcovid anaphylaxis troublesome year problem ade cv vaccine covid vaccine designed elicit neutralizing antibody may sensitize vaccine recipient severe disease vaccinated
98,vaccinated,VBD,VERB,covid_long longcovid anaphylaxis troublesome year problem ade cv vaccine covid vaccine designed elicit neutralizing antibody may sensitize vaccine recipient severe disease vaccinated
99,b,LS,X,b poll plan receiving type covid vaccine covidvaccines
100,poll,NN,NOUN,b poll plan receiving type covid vaccine covidvaccines
101,plan,NN,NOUN,b poll plan receiving type covid vaccine covidvaccines
102,receiving,VBG,VERB,b poll plan receiving type covid vaccine covidvaccines
103,type,NN,NOUN,b poll plan receiving type covid vaccine covidvaccines
104,covid,JJ,ADJ,b poll plan receiving type covid vaccine covidvaccines
105,vaccine,NN,NOUN,b poll plan receiving type covid vaccine covidvaccines
106,covidvaccines,NNS,NOUN,b poll plan receiving type covid vaccine covidvaccines
107,covid,NNP,PROPN,covid vaccine safety efficacy important brand adoctors
108,vaccine,NN,NOUN,covid vaccine safety efficacy important brand adoctors
109,safety,NN,NOUN,covid vaccine safety efficacy important brand adoctors
110,efficacy,NN,NOUN,covid vaccine safety efficacy important brand adoctors
111,important,JJ,ADJ,covid vaccine safety efficacy important brand adoctors
112,brand,NN,NOUN,covid vaccine safety efficacy important brand adoctors
113,adoctors,NNS,NOUN,covid vaccine safety efficacy important brand adoctors
114,hour,NN,NOUN,hour post nd covid vaccine body ache headache lowgrade temp shiver would take vaccine heartbeat really glad vaccinated covid_ moderna
115,post,NN,NOUN,hour post nd covid vaccine body ache headache lowgrade temp shiver would take vaccine heartbeat really glad vaccinated covid_ moderna
116,nd,NNP,PROPN,hour post nd covid vaccine body ache headache lowgrade temp shiver would take vaccine heartbeat really glad vaccinated covid_ moderna
117,covid,NNP,PROPN,hour post nd covid vaccine body ache headache lowgrade temp shiver would take vaccine heartbeat really glad vaccinated covid_ moderna
118,vaccine,NNP,PROPN,hour post nd covid vaccine body ache headache lowgrade temp shiver would take vaccine heartbeat really glad vaccinated covid_ moderna
119,body,NN,NOUN,hour post nd covid vaccine body ache headache lowgrade temp shiver would take vaccine heartbeat really glad vaccinated covid_ moderna
120,ache,NNP,PROPN,hour post nd covid vaccine body ache headache lowgrade temp shiver would take vaccine heartbeat really glad vaccinated covid_ moderna
121,headache,NNP,PROPN,hour post nd covid vaccine body ache headache lowgrade temp shiver would take vaccine heartbeat really glad vaccinated covid_ moderna
122,lowgrade,NNP,PROPN,hour post nd covid vaccine body ache headache lowgrade temp shiver would take vaccine heartbeat really glad vaccinated covid_ moderna
123,temp,NNP,PROPN,hour post nd covid vaccine body ache headache lowgrade temp shiver would take vaccine heartbeat really glad vaccinated covid_ moderna
124,shiver,NNP,PROPN,hour post nd covid vaccine body ache headache lowgrade temp shiver would take vaccine heartbeat really glad vaccinated covid_ moderna
125,would,MD,AUX,hour post nd covid vaccine body ache headache lowgrade temp shiver would take vaccine heartbeat really glad vaccinated covid_ moderna
126,take,VB,VERB,hour post nd covid vaccine body ache headache lowgrade temp shiver would take vaccine heartbeat really glad vaccinated covid_ moderna
127,vaccine,NN,NOUN,hour post nd covid vaccine body ache headache lowgrade temp shiver would take vaccine heartbeat really glad vaccinated covid_ moderna
128,heartbeat,VB,VERB,hour post nd covid vaccine body ache headache lowgrade temp shiver would take vaccine heartbeat really glad vaccinated covid_ moderna
129,really,RB,ADV,hour post nd covid vaccine body ache headache lowgrade temp shiver would take vaccine heartbeat really glad vaccinated covid_ moderna
130,glad,JJ,ADJ,hour post nd covid vaccine body ache headache lowgrade temp shiver would take vaccine heartbeat really glad vaccinated covid_ moderna
131,vaccinated,JJ,ADJ,hour post nd covid vaccine body ache headache lowgrade temp shiver would take vaccine heartbeat really glad vaccinated covid_ moderna
132,covid,NNP,PROPN,hour post nd covid vaccine body ache headache lowgrade temp shiver would take vaccine heartbeat really glad vaccinated covid_ moderna
133,_,NNP,PROPN,hour post nd covid vaccine body ache headache lowgrade temp shiver would take vaccine heartbeat really glad vaccinated covid_ moderna
134,moderna,NNP,PROPN,hour post nd covid vaccine body ache headache lowgrade temp shiver would take vaccine heartbeat really glad vaccinated covid_ moderna
135,update,VB,VERB,update government tuesday stated covid vaccine also work new variant virus proof current vaccine fail guard sarscov mutant claimed uk south africa
136,government,NN,NOUN,update government tuesday stated covid vaccine also work new variant virus proof current vaccine fail guard sarscov mutant claimed uk south africa
137,tuesday,NNP,PROPN,update government tuesday stated covid vaccine also work new variant virus proof current vaccine fail guard sarscov mutant claimed uk south africa
138,stated,VBD,VERB,update government tuesday stated covid vaccine also work new variant virus proof current vaccine fail guard sarscov mutant claimed uk south africa
139,covid,JJ,ADJ,update government tuesday stated covid vaccine also work new variant virus proof current vaccine fail guard sarscov mutant claimed uk south africa
140,vaccine,NN,NOUN,update government tuesday stated covid vaccine also work new variant virus proof current vaccine fail guard sarscov mutant claimed uk south africa
141,also,RB,ADV,update government tuesday stated covid vaccine also work new variant virus proof current vaccine fail guard sarscov mutant claimed uk south africa
142,work,VB,VERB,update government tuesday stated covid vaccine also work new variant virus proof current vaccine fail guard sarscov mutant claimed uk south africa
143,new,JJ,ADJ,update government tuesday stated covid vaccine also work new variant virus proof current vaccine fail guard sarscov mutant claimed uk south africa
144,variant,JJ,ADJ,update government tuesday stated covid vaccine also work new variant virus proof current vaccine fail guard sarscov mutant claimed uk south africa
145,virus,NN,NOUN,update government tuesday stated covid vaccine also work new variant virus proof current vaccine fail guard sarscov mutant claimed uk south africa
146,proof,NN,NOUN,update government tuesday stated covid vaccine also work new variant virus proof current vaccine fail guard sarscov mutant claimed uk south africa
147,current,JJ,ADJ,update government tuesday stated covid vaccine also work new variant virus proof current vaccine fail guard sarscov mutant claimed uk south africa
148,vaccine,NN,NOUN,update government tuesday stated covid vaccine also work new variant virus proof current vaccine fail guard sarscov mutant claimed uk south africa
149,fail,VBP,VERB,update government tuesday stated covid vaccine also work new variant virus proof current vaccine fail guard sarscov mutant claimed uk south africa
150,guard,NNP,PROPN,update government tuesday stated covid vaccine also work new variant virus proof current vaccine fail guard sarscov mutant claimed uk south africa
151,sarscov,NNP,PROPN,update government tuesday stated covid vaccine also work new variant virus proof current vaccine fail guard sarscov mutant claimed uk south africa
152,mutant,NNP,PROPN,update government tuesday stated covid vaccine also work new variant virus proof current vaccine fail guard sarscov mutant claimed uk south africa
153,claimed,VBD,VERB,update government tuesday stated covid vaccine also work new variant virus proof current vaccine fail guard sarscov mutant claimed uk south africa
154,uk,NNP,PROPN,update government tuesday stated covid vaccine also work new variant virus proof current vaccine fail guard sarscov mutant claimed uk south africa
155,south,NNP,PROPN,update government tuesday stated covid vaccine also work new variant virus proof current vaccine fail guard sarscov mutant claimed uk south africa
156,africa,NNP,PROPN,update government tuesday stated covid vaccine also work new variant virus proof current vaccine fail guard sarscov mutant claimed uk south africa
157,ano,NNP,PROPN,ano covid related death covid case requiring medical intervention occurring day postvaccination among participant age year older medical comorbidities vaccine groupa
158,covid,NNP,PROPN,ano covid related death covid case requiring medical intervention occurring day postvaccination among participant age year older medical comorbidities vaccine groupa
159,related,VBN,VERB,ano covid related death covid case requiring medical intervention occurring day postvaccination among participant age year older medical comorbidities vaccine groupa
160,death,NN,NOUN,ano covid related death covid case requiring medical intervention occurring day postvaccination among participant age year older medical comorbidities vaccine groupa
161,covid,NN,NOUN,ano covid related death covid case requiring medical intervention occurring day postvaccination among participant age year older medical comorbidities vaccine groupa
162,case,NN,NOUN,ano covid related death covid case requiring medical intervention occurring day postvaccination among participant age year older medical comorbidities vaccine groupa
163,requiring,VBG,VERB,ano covid related death covid case requiring medical intervention occurring day postvaccination among participant age year older medical comorbidities vaccine groupa
164,medical,JJ,ADJ,ano covid related death covid case requiring medical intervention occurring day postvaccination among participant age year older medical comorbidities vaccine groupa
165,intervention,NN,NOUN,ano covid related death covid case requiring medical intervention occurring day postvaccination among participant age year older medical comorbidities vaccine groupa
166,occurring,VBG,VERB,ano covid related death covid case requiring medical intervention occurring day postvaccination among participant age year older medical comorbidities vaccine groupa
167,day,NN,NOUN,ano covid related death covid case requiring medical intervention occurring day postvaccination among participant age year older medical comorbidities vaccine groupa
168,postvaccination,NN,NOUN,ano covid related death covid case requiring medical intervention occurring day postvaccination among participant age year older medical comorbidities vaccine groupa
169,among,IN,ADP,ano covid related death covid case requiring medical intervention occurring day postvaccination among participant age year older medical comorbidities vaccine groupa
170,participant,JJ,ADJ,ano covid related death covid case requiring medical intervention occurring day postvaccination among participant age year older medical comorbidities vaccine groupa
171,age,NN,NOUN,ano covid related death covid case requiring medical intervention occurring day postvaccination among participant age year older medical comorbidities vaccine groupa
172,year,NN,NOUN,ano covid related death covid case requiring medical intervention occurring day postvaccination among participant age year older medical comorbidities vaccine groupa
173,older,JJR,ADJ,ano covid related death covid case requiring medical intervention occurring day postvaccination among participant age year older medical comorbidities vaccine groupa
174,medical,JJ,ADJ,ano covid related death covid case requiring medical intervention occurring day postvaccination among participant age year older medical comorbidities vaccine groupa
175,comorbidities,NNS,NOUN,ano covid related death covid case requiring medical intervention occurring day postvaccination among participant age year older medical comorbidities vaccine groupa
176,vaccine,NN,NOUN,ano covid related death covid case requiring medical intervention occurring day postvaccination among participant age year older medical comorbidities vaccine groupa
177,groupa,NN,NOUN,ano covid related death covid case requiring medical intervention occurring day postvaccination among participant age year older medical comorbidities vaccine groupa
178,asked,VBD,VERB,asked answered check updated north carolina covid vaccine faq
179,answered,JJ,ADJ,asked answered check updated north carolina covid vaccine faq
180,check,NN,NOUN,asked answered check updated north carolina covid vaccine faq
181,updated,VBN,VERB,asked answered check updated north carolina covid vaccine faq
182,north,NNP,PROPN,asked answered check updated north carolina covid vaccine faq
183,carolina,NNP,PROPN,asked answered check updated north carolina covid vaccine faq
184,covid,NNP,PROPN,asked answered check updated north carolina covid vaccine faq
185,vaccine,NNP,PROPN,asked answered check updated north carolina covid vaccine faq
186,faq,NN,NOUN,asked answered check updated north carolina covid vaccine faq
187,bob_wachter,NNP,PROPN,bob_wachter peter mark explained changing dose vaccine regimen dose immune response could dwindle faster know happen know already people get mild covid tend lose immune response pretty quickly min mark
188,peter,NNP,PROPN,bob_wachter peter mark explained changing dose vaccine regimen dose immune response could dwindle faster know happen know already people get mild covid tend lose immune response pretty quickly min mark
189,mark,NNP,PROPN,bob_wachter peter mark explained changing dose vaccine regimen dose immune response could dwindle faster know happen know already people get mild covid tend lose immune response pretty quickly min mark
190,explained,VBD,VERB,bob_wachter peter mark explained changing dose vaccine regimen dose immune response could dwindle faster know happen know already people get mild covid tend lose immune response pretty quickly min mark
191,changing,VBG,VERB,bob_wachter peter mark explained changing dose vaccine regimen dose immune response could dwindle faster know happen know already people get mild covid tend lose immune response pretty quickly min mark
192,dose,NNP,PROPN,bob_wachter peter mark explained changing dose vaccine regimen dose immune response could dwindle faster know happen know already people get mild covid tend lose immune response pretty quickly min mark
193,vaccine,NN,NOUN,bob_wachter peter mark explained changing dose vaccine regimen dose immune response could dwindle faster know happen know already people get mild covid tend lose immune response pretty quickly min mark
194,regimen,NNP,PROPN,bob_wachter peter mark explained changing dose vaccine regimen dose immune response could dwindle faster know happen know already people get mild covid tend lose immune response pretty quickly min mark
195,dose,NNP,PROPN,bob_wachter peter mark explained changing dose vaccine regimen dose immune response could dwindle faster know happen know already people get mild covid tend lose immune response pretty quickly min mark
196,immune,JJ,ADJ,bob_wachter peter mark explained changing dose vaccine regimen dose immune response could dwindle faster know happen know already people get mild covid tend lose immune response pretty quickly min mark
197,response,NN,NOUN,bob_wachter peter mark explained changing dose vaccine regimen dose immune response could dwindle faster know happen know already people get mild covid tend lose immune response pretty quickly min mark
198,could,MD,AUX,bob_wachter peter mark explained changing dose vaccine regimen dose immune response could dwindle faster know happen know already people get mild covid tend lose immune response pretty quickly min mark
199,dwindle,VB,VERB,bob_wachter peter mark explained changing dose vaccine regimen dose immune response could dwindle faster know happen know already people get mild covid tend lose immune response pretty quickly min mark
200,faster,RBR,ADV,bob_wachter peter mark explained changing dose vaccine regimen dose immune response could dwindle faster know happen know already people get mild covid tend lose immune response pretty quickly min mark
201,know,NNP,PROPN,bob_wachter peter mark explained changing dose vaccine regimen dose immune response could dwindle faster know happen know already people get mild covid tend lose immune response pretty quickly min mark
202,happen,VB,VERB,bob_wachter peter mark explained changing dose vaccine regimen dose immune response could dwindle faster know happen know already people get mild covid tend lose immune response pretty quickly min mark
203,know,VBP,VERB,bob_wachter peter mark explained changing dose vaccine regimen dose immune response could dwindle faster know happen know already people get mild covid tend lose immune response pretty quickly min mark
204,already,RB,ADV,bob_wachter peter mark explained changing dose vaccine regimen dose immune response could dwindle faster know happen know already people get mild covid tend lose immune response pretty quickly min mark
205,people,NNS,NOUN,bob_wachter peter mark explained changing dose vaccine regimen dose immune response could dwindle faster know happen know already people get mild covid tend lose immune response pretty quickly min mark
206,get,VBP,VERB,bob_wachter peter mark explained changing dose vaccine regimen dose immune response could dwindle faster know happen know already people get mild covid tend lose immune response pretty quickly min mark
207,mild,JJ,ADJ,bob_wachter peter mark explained changing dose vaccine regimen dose immune response could dwindle faster know happen know already people get mild covid tend lose immune response pretty quickly min mark
208,covid,NN,NOUN,bob_wachter peter mark explained changing dose vaccine regimen dose immune response could dwindle faster know happen know already people get mild covid tend lose immune response pretty quickly min mark
209,tend,NN,NOUN,bob_wachter peter mark explained changing dose vaccine regimen dose immune response could dwindle faster know happen know already people get mild covid tend lose immune response pretty quickly min mark
210,lose,VB,VERB,bob_wachter peter mark explained changing dose vaccine regimen dose immune response could dwindle faster know happen know already people get mild covid tend lose immune response pretty quickly min mark
211,immune,JJ,ADJ,bob_wachter peter mark explained changing dose vaccine regimen dose immune response could dwindle faster know happen know already people get mild covid tend lose immune response pretty quickly min mark
212,response,NN,NOUN,bob_wachter peter mark explained changing dose vaccine regimen dose immune response could dwindle faster know happen know already people get mild covid tend lose immune response pretty quickly min mark
213,pretty,RB,ADV,bob_wachter peter mark explained changing dose vaccine regimen dose immune response could dwindle faster know happen know already people get mild covid tend lose immune response pretty quickly min mark
214,quickly,RB,ADV,bob_wachter peter mark explained changing dose vaccine regimen dose immune response could dwindle faster know happen know already people get mild covid tend lose immune response pretty quickly min mark
215,min,JJ,ADJ,bob_wachter peter mark explained changing dose vaccine regimen dose immune response could dwindle faster know happen know already people get mild covid tend lose immune response pretty quickly min mark
216,mark,NN,NOUN,bob_wachter peter mark explained changing dose vaccine regimen dose immune response could dwindle faster know happen know already people get mild covid tend lose immune response pretty quickly min mark
217,nvax,NNP,PROPN,nvax share premarket co say covid vaccine effective uk trial nvax breakout alert lookout take
218,share,NNP,PROPN,nvax share premarket co say covid vaccine effective uk trial nvax breakout alert lookout take
219,premarket,NNP,PROPN,nvax share premarket co say covid vaccine effective uk trial nvax breakout alert lookout take
220,co,PRP,PRON,nvax share premarket co say covid vaccine effective uk trial nvax breakout alert lookout take
221,say,VBP,VERB,nvax share premarket co say covid vaccine effective uk trial nvax breakout alert lookout take
222,covid,NNP,PROPN,nvax share premarket co say covid vaccine effective uk trial nvax breakout alert lookout take
223,vaccine,NN,NOUN,nvax share premarket co say covid vaccine effective uk trial nvax breakout alert lookout take
224,effective,JJ,ADJ,nvax share premarket co say covid vaccine effective uk trial nvax breakout alert lookout take
225,uk,NNP,PROPN,nvax share premarket co say covid vaccine effective uk trial nvax breakout alert lookout take
226,trial,NNP,PROPN,nvax share premarket co say covid vaccine effective uk trial nvax breakout alert lookout take
227,nvax,NNP,PROPN,nvax share premarket co say covid vaccine effective uk trial nvax breakout alert lookout take
228,breakout,NNP,PROPN,nvax share premarket co say covid vaccine effective uk trial nvax breakout alert lookout take
229,alert,NNP,PROPN,nvax share premarket co say covid vaccine effective uk trial nvax breakout alert lookout take
230,lookout,NN,NOUN,nvax share premarket co say covid vaccine effective uk trial nvax breakout alert lookout take
231,take,NN,NOUN,nvax share premarket co say covid vaccine effective uk trial nvax breakout alert lookout take
232,us_fda,NNP,PROPN,us_fda approved first covid vaccine emergency use vaccine safe effective help u defeat virus extremely confident vaccine participating pfizer vaccine trial
233,approved,VBD,VERB,us_fda approved first covid vaccine emergency use vaccine safe effective help u defeat virus extremely confident vaccine participating pfizer vaccine trial
234,first,JJ,ADJ,us_fda approved first covid vaccine emergency use vaccine safe effective help u defeat virus extremely confident vaccine participating pfizer vaccine trial
235,covid,NNP,PROPN,us_fda approved first covid vaccine emergency use vaccine safe effective help u defeat virus extremely confident vaccine participating pfizer vaccine trial
236,vaccine,NN,NOUN,us_fda approved first covid vaccine emergency use vaccine safe effective help u defeat virus extremely confident vaccine participating pfizer vaccine trial
237,emergency,NN,NOUN,us_fda approved first covid vaccine emergency use vaccine safe effective help u defeat virus extremely confident vaccine participating pfizer vaccine trial
238,use,NN,NOUN,us_fda approved first covid vaccine emergency use vaccine safe effective help u defeat virus extremely confident vaccine participating pfizer vaccine trial
239,vaccine,NN,NOUN,us_fda approved first covid vaccine emergency use vaccine safe effective help u defeat virus extremely confident vaccine participating pfizer vaccine trial
240,safe,JJ,ADJ,us_fda approved first covid vaccine emergency use vaccine safe effective help u defeat virus extremely confident vaccine participating pfizer vaccine trial
241,effective,JJ,ADJ,us_fda approved first covid vaccine emergency use vaccine safe effective help u defeat virus extremely confident vaccine participating pfizer vaccine trial
242,help,NN,NOUN,us_fda approved first covid vaccine emergency use vaccine safe effective help u defeat virus extremely confident vaccine participating pfizer vaccine trial
243,u,PRP,PRON,us_fda approved first covid vaccine emergency use vaccine safe effective help u defeat virus extremely confident vaccine participating pfizer vaccine trial
244,defeat,VB,VERB,us_fda approved first covid vaccine emergency use vaccine safe effective help u defeat virus extremely confident vaccine participating pfizer vaccine trial
245,virus,NN,NOUN,us_fda approved first covid vaccine emergency use vaccine safe effective help u defeat virus extremely confident vaccine participating pfizer vaccine trial
246,extremely,RB,ADV,us_fda approved first covid vaccine emergency use vaccine safe effective help u defeat virus extremely confident vaccine participating pfizer vaccine trial
247,confident,JJ,ADJ,us_fda approved first covid vaccine emergency use vaccine safe effective help u defeat virus extremely confident vaccine participating pfizer vaccine trial
248,vaccine,NN,NOUN,us_fda approved first covid vaccine emergency use vaccine safe effective help u defeat virus extremely confident vaccine participating pfizer vaccine trial
249,participating,VBG,VERB,us_fda approved first covid vaccine emergency use vaccine safe effective help u defeat virus extremely confident vaccine participating pfizer vaccine trial
250,pfizer,NN,NOUN,us_fda approved first covid vaccine emergency use vaccine safe effective help u defeat virus extremely confident vaccine participating pfizer vaccine trial
251,vaccine,NN,NOUN,us_fda approved first covid vaccine emergency use vaccine safe effective help u defeat virus extremely confident vaccine participating pfizer vaccine trial
252,trial,NN,NOUN,us_fda approved first covid vaccine emergency use vaccine safe effective help u defeat virus extremely confident vaccine participating pfizer vaccine trial
253,get,VB,VERB,get covid vaccine since beijing begin inoculation serious side effect observed among vaccine receiver spokesperson municipal health commission told press briefing covid
254,covid,JJ,ADJ,get covid vaccine since beijing begin inoculation serious side effect observed among vaccine receiver spokesperson municipal health commission told press briefing covid
255,vaccine,NN,NOUN,get covid vaccine since beijing begin inoculation serious side effect observed among vaccine receiver spokesperson municipal health commission told press briefing covid
256,since,IN,SCONJ,get covid vaccine since beijing begin inoculation serious side effect observed among vaccine receiver spokesperson municipal health commission told press briefing covid
257,beijing,NNP,PROPN,get covid vaccine since beijing begin inoculation serious side effect observed among vaccine receiver spokesperson municipal health commission told press briefing covid
258,begin,VBP,VERB,get covid vaccine since beijing begin inoculation serious side effect observed among vaccine receiver spokesperson municipal health commission told press briefing covid
259,inoculation,NN,NOUN,get covid vaccine since beijing begin inoculation serious side effect observed among vaccine receiver spokesperson municipal health commission told press briefing covid
260,serious,JJ,ADJ,get covid vaccine since beijing begin inoculation serious side effect observed among vaccine receiver spokesperson municipal health commission told press briefing covid
261,side,NN,NOUN,get covid vaccine since beijing begin inoculation serious side effect observed among vaccine receiver spokesperson municipal health commission told press briefing covid
262,effect,NN,NOUN,get covid vaccine since beijing begin inoculation serious side effect observed among vaccine receiver spokesperson municipal health commission told press briefing covid
263,observed,VBN,VERB,get covid vaccine since beijing begin inoculation serious side effect observed among vaccine receiver spokesperson municipal health commission told press briefing covid
264,among,IN,ADP,get covid vaccine since beijing begin inoculation serious side effect observed among vaccine receiver spokesperson municipal health commission told press briefing covid
265,vaccine,NN,NOUN,get covid vaccine since beijing begin inoculation serious side effect observed among vaccine receiver spokesperson municipal health commission told press briefing covid
266,receiver,NN,NOUN,get covid vaccine since beijing begin inoculation serious side effect observed among vaccine receiver spokesperson municipal health commission told press briefing covid
267,spokesperson,NNP,PROPN,get covid vaccine since beijing begin inoculation serious side effect observed among vaccine receiver spokesperson municipal health commission told press briefing covid
268,municipal,JJ,ADJ,get covid vaccine since beijing begin inoculation serious side effect observed among vaccine receiver spokesperson municipal health commission told press briefing covid
269,health,NNP,PROPN,get covid vaccine since beijing begin inoculation serious side effect observed among vaccine receiver spokesperson municipal health commission told press briefing covid
270,commission,NN,NOUN,get covid vaccine since beijing begin inoculation serious side effect observed among vaccine receiver spokesperson municipal health commission told press briefing covid
271,told,VBD,VERB,get covid vaccine since beijing begin inoculation serious side effect observed among vaccine receiver spokesperson municipal health commission told press briefing covid
272,press,NN,NOUN,get covid vaccine since beijing begin inoculation serious side effect observed among vaccine receiver spokesperson municipal health commission told press briefing covid
273,briefing,NN,NOUN,get covid vaccine since beijing begin inoculation serious side effect observed among vaccine receiver spokesperson municipal health commission told press briefing covid
274,covid,NN,NOUN,get covid vaccine since beijing begin inoculation serious side effect observed among vaccine receiver spokesperson municipal health commission told press briefing covid
275,highrisk,NN,NOUN,highrisk pregnant breastfeeding woman get covid vaccine oma cp toronto breaking news published canada news medium news
276,pregnant,JJ,ADJ,highrisk pregnant breastfeeding woman get covid vaccine oma cp toronto breaking news published canada news medium news
277,breastfeeding,VBG,VERB,highrisk pregnant breastfeeding woman get covid vaccine oma cp toronto breaking news published canada news medium news
278,woman,NN,NOUN,highrisk pregnant breastfeeding woman get covid vaccine oma cp toronto breaking news published canada news medium news
279,get,VB,VERB,highrisk pregnant breastfeeding woman get covid vaccine oma cp toronto breaking news published canada news medium news
280,covid,JJ,ADJ,highrisk pregnant breastfeeding woman get covid vaccine oma cp toronto breaking news published canada news medium news
281,vaccine,NN,NOUN,highrisk pregnant breastfeeding woman get covid vaccine oma cp toronto breaking news published canada news medium news
282,oma,NNP,PROPN,highrisk pregnant breastfeeding woman get covid vaccine oma cp toronto breaking news published canada news medium news
283,cp,NNP,PROPN,highrisk pregnant breastfeeding woman get covid vaccine oma cp toronto breaking news published canada news medium news
284,toronto,NNP,PROPN,highrisk pregnant breastfeeding woman get covid vaccine oma cp toronto breaking news published canada news medium news
285,breaking,NNP,PROPN,highrisk pregnant breastfeeding woman get covid vaccine oma cp toronto breaking news published canada news medium news
286,news,NNP,PROPN,highrisk pregnant breastfeeding woman get covid vaccine oma cp toronto breaking news published canada news medium news
287,published,VBD,VERB,highrisk pregnant breastfeeding woman get covid vaccine oma cp toronto breaking news published canada news medium news
288,canada,NNP,PROPN,highrisk pregnant breastfeeding woman get covid vaccine oma cp toronto breaking news published canada news medium news
289,news,NNP,PROPN,highrisk pregnant breastfeeding woman get covid vaccine oma cp toronto breaking news published canada news medium news
290,medium,NN,NOUN,highrisk pregnant breastfeeding woman get covid vaccine oma cp toronto breaking news published canada news medium news
291,news,NN,NOUN,highrisk pregnant breastfeeding woman get covid vaccine oma cp toronto breaking news published canada news medium news
292,nanovaccine,NNP,PROPN,nanovaccine institute develops nextgeneration covid vaccine iowa state university
293,institute,NNP,PROPN,nanovaccine institute develops nextgeneration covid vaccine iowa state university
294,develops,VBZ,VERB,nanovaccine institute develops nextgeneration covid vaccine iowa state university
295,nextgeneration,NNP,PROPN,nanovaccine institute develops nextgeneration covid vaccine iowa state university
296,covid,NNP,PROPN,nanovaccine institute develops nextgeneration covid vaccine iowa state university
297,vaccine,NNP,PROPN,nanovaccine institute develops nextgeneration covid vaccine iowa state university
298,iowa,NNP,PROPN,nanovaccine institute develops nextgeneration covid vaccine iowa state university
299,state,NNP,PROPN,nanovaccine institute develops nextgeneration covid vaccine iowa state university
300,university,NN,NOUN,nanovaccine institute develops nextgeneration covid vaccine iowa state university
301,covid,JJ,ADJ,covid vaccine alone end pandemic take question expert wftv tonight kraywftva vecholswftva meganwftv
302,vaccine,NN,NOUN,covid vaccine alone end pandemic take question expert wftv tonight kraywftva vecholswftva meganwftv
303,alone,RB,ADV,covid vaccine alone end pandemic take question expert wftv tonight kraywftva vecholswftva meganwftv
304,end,VB,VERB,covid vaccine alone end pandemic take question expert wftv tonight kraywftva vecholswftva meganwftv
305,pandemic,JJ,ADJ,covid vaccine alone end pandemic take question expert wftv tonight kraywftva vecholswftva meganwftv
306,take,VBP,VERB,covid vaccine alone end pandemic take question expert wftv tonight kraywftva vecholswftva meganwftv
307,question,NN,NOUN,covid vaccine alone end pandemic take question expert wftv tonight kraywftva vecholswftva meganwftv
308,expert,NN,NOUN,covid vaccine alone end pandemic take question expert wftv tonight kraywftva vecholswftva meganwftv
309,wftv,NN,NOUN,covid vaccine alone end pandemic take question expert wftv tonight kraywftva vecholswftva meganwftv
310,tonight,NN,NOUN,covid vaccine alone end pandemic take question expert wftv tonight kraywftva vecholswftva meganwftv
311,kraywftva,NNP,PROPN,covid vaccine alone end pandemic take question expert wftv tonight kraywftva vecholswftva meganwftv
312,vecholswftva,NNP,PROPN,covid vaccine alone end pandemic take question expert wftv tonight kraywftva vecholswftva meganwftv
313,meganwftv,NN,NOUN,covid vaccine alone end pandemic take question expert wftv tonight kraywftva vecholswftva meganwftv
314,novavax,NNP,PROPN,novavax publishes positive efficacy data covid vaccine read
315,publishes,VBZ,VERB,novavax publishes positive efficacy data covid vaccine read
316,positive,JJ,ADJ,novavax publishes positive efficacy data covid vaccine read
317,efficacy,NN,NOUN,novavax publishes positive efficacy data covid vaccine read
318,data,NNP,PROPN,novavax publishes positive efficacy data covid vaccine read
319,covid,NNP,PROPN,novavax publishes positive efficacy data covid vaccine read
320,vaccine,NN,NOUN,novavax publishes positive efficacy data covid vaccine read
321,read,VB,VERB,novavax publishes positive efficacy data covid vaccine read
322,covid,NNP,PROPN,covid_ single vaccine dose lead greater risk new coronavirus variant south african expert warn skynews
323,_,NNP,PROPN,covid_ single vaccine dose lead greater risk new coronavirus variant south african expert warn skynews
324,single,JJ,ADJ,covid_ single vaccine dose lead greater risk new coronavirus variant south african expert warn skynews
325,vaccine,NN,NOUN,covid_ single vaccine dose lead greater risk new coronavirus variant south african expert warn skynews
326,dose,NN,NOUN,covid_ single vaccine dose lead greater risk new coronavirus variant south african expert warn skynews
327,lead,VB,VERB,covid_ single vaccine dose lead greater risk new coronavirus variant south african expert warn skynews
328,greater,JJR,ADJ,covid_ single vaccine dose lead greater risk new coronavirus variant south african expert warn skynews
329,risk,NN,NOUN,covid_ single vaccine dose lead greater risk new coronavirus variant south african expert warn skynews
330,new,JJ,ADJ,covid_ single vaccine dose lead greater risk new coronavirus variant south african expert warn skynews
331,coronavirus,NN,NOUN,covid_ single vaccine dose lead greater risk new coronavirus variant south african expert warn skynews
332,variant,NN,NOUN,covid_ single vaccine dose lead greater risk new coronavirus variant south african expert warn skynews
333,south,JJ,ADJ,covid_ single vaccine dose lead greater risk new coronavirus variant south african expert warn skynews
334,african,JJ,ADJ,covid_ single vaccine dose lead greater risk new coronavirus variant south african expert warn skynews
335,expert,NNP,PROPN,covid_ single vaccine dose lead greater risk new coronavirus variant south african expert warn skynews
336,warn,VB,VERB,covid_ single vaccine dose lead greater risk new coronavirus variant south african expert warn skynews
337,skynews,NN,NOUN,covid_ single vaccine dose lead greater risk new coronavirus variant south african expert warn skynews
338,holy,NNP,PROPN,holy grail vaccine research could blood test show covid vaccine work search
339,grail,NNP,PROPN,holy grail vaccine research could blood test show covid vaccine work search
340,vaccine,NNP,PROPN,holy grail vaccine research could blood test show covid vaccine work search
341,research,NN,NOUN,holy grail vaccine research could blood test show covid vaccine work search
342,could,MD,AUX,holy grail vaccine research could blood test show covid vaccine work search
343,blood,NN,NOUN,holy grail vaccine research could blood test show covid vaccine work search
344,test,NN,NOUN,holy grail vaccine research could blood test show covid vaccine work search
345,show,VB,VERB,holy grail vaccine research could blood test show covid vaccine work search
346,covid,NNP,PROPN,holy grail vaccine research could blood test show covid vaccine work search
347,vaccine,NN,NOUN,holy grail vaccine research could blood test show covid vaccine work search
348,work,NN,NOUN,holy grail vaccine research could blood test show covid vaccine work search
349,search,NN,NOUN,holy grail vaccine research could blood test show covid vaccine work search
350,british,NNP,PROPN,british medical journal editorial covid vaccine efficacy vaccine studied determine whether interrupt transmission virus
351,medical,JJ,ADJ,british medical journal editorial covid vaccine efficacy vaccine studied determine whether interrupt transmission virus
352,journal,NNP,PROPN,british medical journal editorial covid vaccine efficacy vaccine studied determine whether interrupt transmission virus
353,editorial,NN,NOUN,british medical journal editorial covid vaccine efficacy vaccine studied determine whether interrupt transmission virus
354,covid,NNP,PROPN,british medical journal editorial covid vaccine efficacy vaccine studied determine whether interrupt transmission virus
355,vaccine,NN,NOUN,british medical journal editorial covid vaccine efficacy vaccine studied determine whether interrupt transmission virus
356,efficacy,NN,NOUN,british medical journal editorial covid vaccine efficacy vaccine studied determine whether interrupt transmission virus
357,vaccine,NN,NOUN,british medical journal editorial covid vaccine efficacy vaccine studied determine whether interrupt transmission virus
358,studied,VBD,VERB,british medical journal editorial covid vaccine efficacy vaccine studied determine whether interrupt transmission virus
359,determine,VBP,VERB,british medical journal editorial covid vaccine efficacy vaccine studied determine whether interrupt transmission virus
360,whether,IN,SCONJ,british medical journal editorial covid vaccine efficacy vaccine studied determine whether interrupt transmission virus
361,interrupt,JJ,ADJ,british medical journal editorial covid vaccine efficacy vaccine studied determine whether interrupt transmission virus
362,transmission,NN,NOUN,british medical journal editorial covid vaccine efficacy vaccine studied determine whether interrupt transmission virus
363,virus,NN,NOUN,british medical journal editorial covid vaccine efficacy vaccine studied determine whether interrupt transmission virus
364,nbaatms,NNP,PROPN,nbaatms dr leroy sims covid vaccine undefeated
365,dr,NNP,PROPN,nbaatms dr leroy sims covid vaccine undefeated
366,leroy,VBP,VERB,nbaatms dr leroy sims covid vaccine undefeated
367,sims,NNS,NOUN,nbaatms dr leroy sims covid vaccine undefeated
368,covid,JJ,ADJ,nbaatms dr leroy sims covid vaccine undefeated
369,vaccine,NN,NOUN,nbaatms dr leroy sims covid vaccine undefeated
370,undefeated,VBD,VERB,nbaatms dr leroy sims covid vaccine undefeated
371,censored,VBN,VERB,censored doctor genetically modify u covid vaccine
372,doctor,NN,NOUN,censored doctor genetically modify u covid vaccine
373,genetically,RB,ADV,censored doctor genetically modify u covid vaccine
374,modify,VB,VERB,censored doctor genetically modify u covid vaccine
375,u,NNP,PROPN,censored doctor genetically modify u covid vaccine
376,covid,JJ,ADJ,censored doctor genetically modify u covid vaccine
377,vaccine,NN,NOUN,censored doctor genetically modify u covid vaccine
378,think,VB,VERB,think twice get covid vaccine
379,twice,RB,ADV,think twice get covid vaccine
380,get,VB,VERB,think twice get covid vaccine
381,covid,JJ,ADJ,think twice get covid vaccine
382,vaccine,NN,NOUN,think twice get covid vaccine
383,take,VB,VERB,take covid vaccine test subject experimental mrna vaccine tested ever
384,covid,JJ,ADJ,take covid vaccine test subject experimental mrna vaccine tested ever
385,vaccine,NN,NOUN,take covid vaccine test subject experimental mrna vaccine tested ever
386,test,NN,NOUN,take covid vaccine test subject experimental mrna vaccine tested ever
387,subject,VB,VERB,take covid vaccine test subject experimental mrna vaccine tested ever
388,experimental,JJ,ADJ,take covid vaccine test subject experimental mrna vaccine tested ever
389,mrna,NN,NOUN,take covid vaccine test subject experimental mrna vaccine tested ever
390,vaccine,NN,NOUN,take covid vaccine test subject experimental mrna vaccine tested ever
391,tested,VBD,VERB,take covid vaccine test subject experimental mrna vaccine tested ever
392,ever,RB,ADV,take covid vaccine test subject experimental mrna vaccine tested ever
393,nice,JJ,ADJ,nice infographic covid vaccine compare unbiasedscipod
394,infographic,JJ,ADJ,nice infographic covid vaccine compare unbiasedscipod
395,covid,JJ,ADJ,nice infographic covid vaccine compare unbiasedscipod
396,vaccine,NN,NOUN,nice infographic covid vaccine compare unbiasedscipod
397,compare,VBP,VERB,nice infographic covid vaccine compare unbiasedscipod
398,unbiasedscipod,JJ,ADJ,nice infographic covid vaccine compare unbiasedscipod
399,generous,JJ,ADJ,generous offer always tune profsuperjunior help query concern etc people may covid vaccine right contact access right information know find already posting v useful information ty gabrielle
400,offer,NN,NOUN,generous offer always tune profsuperjunior help query concern etc people may covid vaccine right contact access right information know find already posting v useful information ty gabrielle
401,always,RB,ADV,generous offer always tune profsuperjunior help query concern etc people may covid vaccine right contact access right information know find already posting v useful information ty gabrielle
402,tune,VB,VERB,generous offer always tune profsuperjunior help query concern etc people may covid vaccine right contact access right information know find already posting v useful information ty gabrielle
403,profsuperjunior,NN,NOUN,generous offer always tune profsuperjunior help query concern etc people may covid vaccine right contact access right information know find already posting v useful information ty gabrielle
404,help,VB,VERB,generous offer always tune profsuperjunior help query concern etc people may covid vaccine right contact access right information know find already posting v useful information ty gabrielle
405,query,NN,NOUN,generous offer always tune profsuperjunior help query concern etc people may covid vaccine right contact access right information know find already posting v useful information ty gabrielle
406,concern,NN,NOUN,generous offer always tune profsuperjunior help query concern etc people may covid vaccine right contact access right information know find already posting v useful information ty gabrielle
407,etc,FW,X,generous offer always tune profsuperjunior help query concern etc people may covid vaccine right contact access right information know find already posting v useful information ty gabrielle
408,people,NNS,NOUN,generous offer always tune profsuperjunior help query concern etc people may covid vaccine right contact access right information know find already posting v useful information ty gabrielle
409,may,MD,AUX,generous offer always tune profsuperjunior help query concern etc people may covid vaccine right contact access right information know find already posting v useful information ty gabrielle
410,covid,VB,VERB,generous offer always tune profsuperjunior help query concern etc people may covid vaccine right contact access right information know find already posting v useful information ty gabrielle
411,vaccine,NN,NOUN,generous offer always tune profsuperjunior help query concern etc people may covid vaccine right contact access right information know find already posting v useful information ty gabrielle
412,right,JJ,ADJ,generous offer always tune profsuperjunior help query concern etc people may covid vaccine right contact access right information know find already posting v useful information ty gabrielle
413,contact,NN,NOUN,generous offer always tune profsuperjunior help query concern etc people may covid vaccine right contact access right information know find already posting v useful information ty gabrielle
414,access,NN,NOUN,generous offer always tune profsuperjunior help query concern etc people may covid vaccine right contact access right information know find already posting v useful information ty gabrielle
415,right,JJ,ADJ,generous offer always tune profsuperjunior help query concern etc people may covid vaccine right contact access right information know find already posting v useful information ty gabrielle
416,information,NN,NOUN,generous offer always tune profsuperjunior help query concern etc people may covid vaccine right contact access right information know find already posting v useful information ty gabrielle
417,know,VBP,VERB,generous offer always tune profsuperjunior help query concern etc people may covid vaccine right contact access right information know find already posting v useful information ty gabrielle
418,find,VBP,VERB,generous offer always tune profsuperjunior help query concern etc people may covid vaccine right contact access right information know find already posting v useful information ty gabrielle
419,already,RB,ADV,generous offer always tune profsuperjunior help query concern etc people may covid vaccine right contact access right information know find already posting v useful information ty gabrielle
420,posting,VBG,VERB,generous offer always tune profsuperjunior help query concern etc people may covid vaccine right contact access right information know find already posting v useful information ty gabrielle
421,v,IN,ADP,generous offer always tune profsuperjunior help query concern etc people may covid vaccine right contact access right information know find already posting v useful information ty gabrielle
422,useful,JJ,ADJ,generous offer always tune profsuperjunior help query concern etc people may covid vaccine right contact access right information know find already posting v useful information ty gabrielle
423,information,NN,NOUN,generous offer always tune profsuperjunior help query concern etc people may covid vaccine right contact access right information know find already posting v useful information ty gabrielle
424,ty,PRP,PRON,generous offer always tune profsuperjunior help query concern etc people may covid vaccine right contact access right information know find already posting v useful information ty gabrielle
425,gabrielle,NNP,PROPN,generous offer always tune profsuperjunior help query concern etc people may covid vaccine right contact access right information know find already posting v useful information ty gabrielle
426,new,JJ,ADJ,new result astrazeneca covid vaccine candidate suggest safe effective news
427,result,NN,NOUN,new result astrazeneca covid vaccine candidate suggest safe effective news
428,astrazeneca,NN,NOUN,new result astrazeneca covid vaccine candidate suggest safe effective news
429,covid,NNP,PROPN,new result astrazeneca covid vaccine candidate suggest safe effective news
430,vaccine,NN,NOUN,new result astrazeneca covid vaccine candidate suggest safe effective news
431,candidate,NN,NOUN,new result astrazeneca covid vaccine candidate suggest safe effective news
432,suggest,VBP,VERB,new result astrazeneca covid vaccine candidate suggest safe effective news
433,safe,JJ,ADJ,new result astrazeneca covid vaccine candidate suggest safe effective news
434,effective,JJ,ADJ,new result astrazeneca covid vaccine candidate suggest safe effective news
435,news,NN,NOUN,new result astrazeneca covid vaccine candidate suggest safe effective news
436,week,NN,NOUN,week episode covid myth busting mara aspinall debunks several myth asked listener skepticism around new technology used vaccine testing preference susceptibility kid finally discussing
437,episode,NN,NOUN,week episode covid myth busting mara aspinall debunks several myth asked listener skepticism around new technology used vaccine testing preference susceptibility kid finally discussing
438,covid,JJ,ADJ,week episode covid myth busting mara aspinall debunks several myth asked listener skepticism around new technology used vaccine testing preference susceptibility kid finally discussing
439,myth,NN,NOUN,week episode covid myth busting mara aspinall debunks several myth asked listener skepticism around new technology used vaccine testing preference susceptibility kid finally discussing
440,busting,VBG,VERB,week episode covid myth busting mara aspinall debunks several myth asked listener skepticism around new technology used vaccine testing preference susceptibility kid finally discussing
441,mara,NNP,PROPN,week episode covid myth busting mara aspinall debunks several myth asked listener skepticism around new technology used vaccine testing preference susceptibility kid finally discussing
442,aspinall,NN,NOUN,week episode covid myth busting mara aspinall debunks several myth asked listener skepticism around new technology used vaccine testing preference susceptibility kid finally discussing
443,debunks,VBZ,VERB,week episode covid myth busting mara aspinall debunks several myth asked listener skepticism around new technology used vaccine testing preference susceptibility kid finally discussing
444,several,JJ,ADJ,week episode covid myth busting mara aspinall debunks several myth asked listener skepticism around new technology used vaccine testing preference susceptibility kid finally discussing
445,myth,NN,NOUN,week episode covid myth busting mara aspinall debunks several myth asked listener skepticism around new technology used vaccine testing preference susceptibility kid finally discussing
446,asked,VBD,VERB,week episode covid myth busting mara aspinall debunks several myth asked listener skepticism around new technology used vaccine testing preference susceptibility kid finally discussing
447,listener,NN,NOUN,week episode covid myth busting mara aspinall debunks several myth asked listener skepticism around new technology used vaccine testing preference susceptibility kid finally discussing
448,skepticism,NN,NOUN,week episode covid myth busting mara aspinall debunks several myth asked listener skepticism around new technology used vaccine testing preference susceptibility kid finally discussing
449,around,IN,ADP,week episode covid myth busting mara aspinall debunks several myth asked listener skepticism around new technology used vaccine testing preference susceptibility kid finally discussing
450,new,JJ,ADJ,week episode covid myth busting mara aspinall debunks several myth asked listener skepticism around new technology used vaccine testing preference susceptibility kid finally discussing
451,technology,NN,NOUN,week episode covid myth busting mara aspinall debunks several myth asked listener skepticism around new technology used vaccine testing preference susceptibility kid finally discussing
452,used,VBN,VERB,week episode covid myth busting mara aspinall debunks several myth asked listener skepticism around new technology used vaccine testing preference susceptibility kid finally discussing
453,vaccine,NN,NOUN,week episode covid myth busting mara aspinall debunks several myth asked listener skepticism around new technology used vaccine testing preference susceptibility kid finally discussing
454,testing,VBG,VERB,week episode covid myth busting mara aspinall debunks several myth asked listener skepticism around new technology used vaccine testing preference susceptibility kid finally discussing
455,preference,NN,NOUN,week episode covid myth busting mara aspinall debunks several myth asked listener skepticism around new technology used vaccine testing preference susceptibility kid finally discussing
456,susceptibility,NN,NOUN,week episode covid myth busting mara aspinall debunks several myth asked listener skepticism around new technology used vaccine testing preference susceptibility kid finally discussing
457,kid,NN,AUX,week episode covid myth busting mara aspinall debunks several myth asked listener skepticism around new technology used vaccine testing preference susceptibility kid finally discussing
458,finally,RB,ADV,week episode covid myth busting mara aspinall debunks several myth asked listener skepticism around new technology used vaccine testing preference susceptibility kid finally discussing
459,discussing,VBG,VERB,week episode covid myth busting mara aspinall debunks several myth asked listener skepticism around new technology used vaccine testing preference susceptibility kid finally discussing
460,marcorubio,NNP,PROPN,marcorubio need vaccine mr rubio covid hoax like flu itll disappeared april k dead people die virus tell getting vaccine
461,need,VBP,VERB,marcorubio need vaccine mr rubio covid hoax like flu itll disappeared april k dead people die virus tell getting vaccine
462,vaccine,NN,NOUN,marcorubio need vaccine mr rubio covid hoax like flu itll disappeared april k dead people die virus tell getting vaccine
463,mr,NNP,PROPN,marcorubio need vaccine mr rubio covid hoax like flu itll disappeared april k dead people die virus tell getting vaccine
464,rubio,NNP,PROPN,marcorubio need vaccine mr rubio covid hoax like flu itll disappeared april k dead people die virus tell getting vaccine
465,covid,NNP,PROPN,marcorubio need vaccine mr rubio covid hoax like flu itll disappeared april k dead people die virus tell getting vaccine
466,hoax,RB,ADV,marcorubio need vaccine mr rubio covid hoax like flu itll disappeared april k dead people die virus tell getting vaccine
467,like,UH,INTJ,marcorubio need vaccine mr rubio covid hoax like flu itll disappeared april k dead people die virus tell getting vaccine
468,flu,VB,VERB,marcorubio need vaccine mr rubio covid hoax like flu itll disappeared april k dead people die virus tell getting vaccine
469,it,PRP,PRON,marcorubio need vaccine mr rubio covid hoax like flu itll disappeared april k dead people die virus tell getting vaccine
470,ll,MD,AUX,marcorubio need vaccine mr rubio covid hoax like flu itll disappeared april k dead people die virus tell getting vaccine
471,disappeared,VBD,VERB,marcorubio need vaccine mr rubio covid hoax like flu itll disappeared april k dead people die virus tell getting vaccine
472,april,NNP,PROPN,marcorubio need vaccine mr rubio covid hoax like flu itll disappeared april k dead people die virus tell getting vaccine
473,k,NNP,PROPN,marcorubio need vaccine mr rubio covid hoax like flu itll disappeared april k dead people die virus tell getting vaccine
474,dead,JJ,ADJ,marcorubio need vaccine mr rubio covid hoax like flu itll disappeared april k dead people die virus tell getting vaccine
475,people,NNS,NOUN,marcorubio need vaccine mr rubio covid hoax like flu itll disappeared april k dead people die virus tell getting vaccine
476,die,VBP,VERB,marcorubio need vaccine mr rubio covid hoax like flu itll disappeared april k dead people die virus tell getting vaccine
477,virus,NN,NOUN,marcorubio need vaccine mr rubio covid hoax like flu itll disappeared april k dead people die virus tell getting vaccine
478,tell,VB,VERB,marcorubio need vaccine mr rubio covid hoax like flu itll disappeared april k dead people die virus tell getting vaccine
479,getting,VBG,VERB,marcorubio need vaccine mr rubio covid hoax like flu itll disappeared april k dead people die virus tell getting vaccine
480,vaccine,NN,NOUN,marcorubio need vaccine mr rubio covid hoax like flu itll disappeared april k dead people die virus tell getting vaccine
481,data,NNS,NOUN,data pertaining trial made public expert covid vaccine choice
482,pertaining,VBG,VERB,data pertaining trial made public expert covid vaccine choice
483,trial,NN,NOUN,data pertaining trial made public expert covid vaccine choice
484,made,VBD,VERB,data pertaining trial made public expert covid vaccine choice
485,public,JJ,ADJ,data pertaining trial made public expert covid vaccine choice
486,expert,NN,NOUN,data pertaining trial made public expert covid vaccine choice
487,covid,JJ,ADJ,data pertaining trial made public expert covid vaccine choice
488,vaccine,NN,NOUN,data pertaining trial made public expert covid vaccine choice
489,choice,NN,NOUN,data pertaining trial made public expert covid vaccine choice
490,mythbusters,NNS,NOUN,mythbusters covidvaccines amyth vaccine needed covid recovered person afact advisable receive complete schedule vaccine despite recovery covid enhance immune response wevaccine unitefightcorona indiafightscorona
491,covidvaccines,NNP,PROPN,mythbusters covidvaccines amyth vaccine needed covid recovered person afact advisable receive complete schedule vaccine despite recovery covid enhance immune response wevaccine unitefightcorona indiafightscorona
492,amyth,NNP,PROPN,mythbusters covidvaccines amyth vaccine needed covid recovered person afact advisable receive complete schedule vaccine despite recovery covid enhance immune response wevaccine unitefightcorona indiafightscorona
493,vaccine,NNP,PROPN,mythbusters covidvaccines amyth vaccine needed covid recovered person afact advisable receive complete schedule vaccine despite recovery covid enhance immune response wevaccine unitefightcorona indiafightscorona
494,needed,VBD,VERB,mythbusters covidvaccines amyth vaccine needed covid recovered person afact advisable receive complete schedule vaccine despite recovery covid enhance immune response wevaccine unitefightcorona indiafightscorona
495,covid,JJ,ADJ,mythbusters covidvaccines amyth vaccine needed covid recovered person afact advisable receive complete schedule vaccine despite recovery covid enhance immune response wevaccine unitefightcorona indiafightscorona
496,recovered,VBN,VERB,mythbusters covidvaccines amyth vaccine needed covid recovered person afact advisable receive complete schedule vaccine despite recovery covid enhance immune response wevaccine unitefightcorona indiafightscorona
497,person,NN,NOUN,mythbusters covidvaccines amyth vaccine needed covid recovered person afact advisable receive complete schedule vaccine despite recovery covid enhance immune response wevaccine unitefightcorona indiafightscorona
498,afact,VB,VERB,mythbusters covidvaccines amyth vaccine needed covid recovered person afact advisable receive complete schedule vaccine despite recovery covid enhance immune response wevaccine unitefightcorona indiafightscorona
499,advisable,NNP,PROPN,mythbusters covidvaccines amyth vaccine needed covid recovered person afact advisable receive complete schedule vaccine despite recovery covid enhance immune response wevaccine unitefightcorona indiafightscorona
500,receive,VBP,VERB,mythbusters covidvaccines amyth vaccine needed covid recovered person afact advisable receive complete schedule vaccine despite recovery covid enhance immune response wevaccine unitefightcorona indiafightscorona
501,complete,JJ,ADJ,mythbusters covidvaccines amyth vaccine needed covid recovered person afact advisable receive complete schedule vaccine despite recovery covid enhance immune response wevaccine unitefightcorona indiafightscorona
502,schedule,NN,NOUN,mythbusters covidvaccines amyth vaccine needed covid recovered person afact advisable receive complete schedule vaccine despite recovery covid enhance immune response wevaccine unitefightcorona indiafightscorona
503,vaccine,NN,NOUN,mythbusters covidvaccines amyth vaccine needed covid recovered person afact advisable receive complete schedule vaccine despite recovery covid enhance immune response wevaccine unitefightcorona indiafightscorona
504,despite,IN,SCONJ,mythbusters covidvaccines amyth vaccine needed covid recovered person afact advisable receive complete schedule vaccine despite recovery covid enhance immune response wevaccine unitefightcorona indiafightscorona
505,recovery,NN,NOUN,mythbusters covidvaccines amyth vaccine needed covid recovered person afact advisable receive complete schedule vaccine despite recovery covid enhance immune response wevaccine unitefightcorona indiafightscorona
506,covid,NN,NOUN,mythbusters covidvaccines amyth vaccine needed covid recovered person afact advisable receive complete schedule vaccine despite recovery covid enhance immune response wevaccine unitefightcorona indiafightscorona
507,enhance,NN,NOUN,mythbusters covidvaccines amyth vaccine needed covid recovered person afact advisable receive complete schedule vaccine despite recovery covid enhance immune response wevaccine unitefightcorona indiafightscorona
508,immune,JJ,ADJ,mythbusters covidvaccines amyth vaccine needed covid recovered person afact advisable receive complete schedule vaccine despite recovery covid enhance immune response wevaccine unitefightcorona indiafightscorona
509,response,NN,NOUN,mythbusters covidvaccines amyth vaccine needed covid recovered person afact advisable receive complete schedule vaccine despite recovery covid enhance immune response wevaccine unitefightcorona indiafightscorona
510,wevaccine,NNP,PROPN,mythbusters covidvaccines amyth vaccine needed covid recovered person afact advisable receive complete schedule vaccine despite recovery covid enhance immune response wevaccine unitefightcorona indiafightscorona
511,unitefightcorona,NNP,PROPN,mythbusters covidvaccines amyth vaccine needed covid recovered person afact advisable receive complete schedule vaccine despite recovery covid enhance immune response wevaccine unitefightcorona indiafightscorona
512,indiafightscorona,NNP,PROPN,mythbusters covidvaccines amyth vaccine needed covid recovered person afact advisable receive complete schedule vaccine despite recovery covid enhance immune response wevaccine unitefightcorona indiafightscorona
513,covid,JJ,ADJ,covid vaccinesatm trial done long period enough pas efficacy safety protocol normally applied vaccine community leader need provide accurate information constituency scientist please help
514,vaccinesatm,JJ,ADJ,covid vaccinesatm trial done long period enough pas efficacy safety protocol normally applied vaccine community leader need provide accurate information constituency scientist please help
515,trial,NN,NOUN,covid vaccinesatm trial done long period enough pas efficacy safety protocol normally applied vaccine community leader need provide accurate information constituency scientist please help
516,done,VBN,VERB,covid vaccinesatm trial done long period enough pas efficacy safety protocol normally applied vaccine community leader need provide accurate information constituency scientist please help
517,long,JJ,ADJ,covid vaccinesatm trial done long period enough pas efficacy safety protocol normally applied vaccine community leader need provide accurate information constituency scientist please help
518,period,NN,NOUN,covid vaccinesatm trial done long period enough pas efficacy safety protocol normally applied vaccine community leader need provide accurate information constituency scientist please help
519,enough,JJ,ADJ,covid vaccinesatm trial done long period enough pas efficacy safety protocol normally applied vaccine community leader need provide accurate information constituency scientist please help
520,pas,NN,NOUN,covid vaccinesatm trial done long period enough pas efficacy safety protocol normally applied vaccine community leader need provide accurate information constituency scientist please help
521,efficacy,NN,NOUN,covid vaccinesatm trial done long period enough pas efficacy safety protocol normally applied vaccine community leader need provide accurate information constituency scientist please help
522,safety,NN,NOUN,covid vaccinesatm trial done long period enough pas efficacy safety protocol normally applied vaccine community leader need provide accurate information constituency scientist please help
523,protocol,NN,NOUN,covid vaccinesatm trial done long period enough pas efficacy safety protocol normally applied vaccine community leader need provide accurate information constituency scientist please help
524,normally,RB,ADV,covid vaccinesatm trial done long period enough pas efficacy safety protocol normally applied vaccine community leader need provide accurate information constituency scientist please help
525,applied,VBD,VERB,covid vaccinesatm trial done long period enough pas efficacy safety protocol normally applied vaccine community leader need provide accurate information constituency scientist please help
526,vaccine,NN,NOUN,covid vaccinesatm trial done long period enough pas efficacy safety protocol normally applied vaccine community leader need provide accurate information constituency scientist please help
527,community,NN,NOUN,covid vaccinesatm trial done long period enough pas efficacy safety protocol normally applied vaccine community leader need provide accurate information constituency scientist please help
528,leader,NN,NOUN,covid vaccinesatm trial done long period enough pas efficacy safety protocol normally applied vaccine community leader need provide accurate information constituency scientist please help
529,need,VBP,AUX,covid vaccinesatm trial done long period enough pas efficacy safety protocol normally applied vaccine community leader need provide accurate information constituency scientist please help
530,provide,VB,VERB,covid vaccinesatm trial done long period enough pas efficacy safety protocol normally applied vaccine community leader need provide accurate information constituency scientist please help
531,accurate,JJ,ADJ,covid vaccinesatm trial done long period enough pas efficacy safety protocol normally applied vaccine community leader need provide accurate information constituency scientist please help
532,information,NN,NOUN,covid vaccinesatm trial done long period enough pas efficacy safety protocol normally applied vaccine community leader need provide accurate information constituency scientist please help
533,constituency,NN,NOUN,covid vaccinesatm trial done long period enough pas efficacy safety protocol normally applied vaccine community leader need provide accurate information constituency scientist please help
534,scientist,NN,NOUN,covid vaccinesatm trial done long period enough pas efficacy safety protocol normally applied vaccine community leader need provide accurate information constituency scientist please help
535,please,UH,INTJ,covid vaccinesatm trial done long period enough pas efficacy safety protocol normally applied vaccine community leader need provide accurate information constituency scientist please help
536,help,VB,VERB,covid vaccinesatm trial done long period enough pas efficacy safety protocol normally applied vaccine community leader need provide accurate information constituency scientist please help
537,see,VB,VERB,see microchip cannot put using covid vaccine plus need bigger largescale tracking extremely close range someone track cell phone use spread false information stupidly easier
538,microchip,NN,NOUN,see microchip cannot put using covid vaccine plus need bigger largescale tracking extremely close range someone track cell phone use spread false information stupidly easier
539,can,MD,AUX,see microchip cannot put using covid vaccine plus need bigger largescale tracking extremely close range someone track cell phone use spread false information stupidly easier
540,not,RB,PART,see microchip cannot put using covid vaccine plus need bigger largescale tracking extremely close range someone track cell phone use spread false information stupidly easier
541,put,VB,VERB,see microchip cannot put using covid vaccine plus need bigger largescale tracking extremely close range someone track cell phone use spread false information stupidly easier
542,using,VBG,VERB,see microchip cannot put using covid vaccine plus need bigger largescale tracking extremely close range someone track cell phone use spread false information stupidly easier
543,covid,JJ,ADJ,see microchip cannot put using covid vaccine plus need bigger largescale tracking extremely close range someone track cell phone use spread false information stupidly easier
544,vaccine,NN,NOUN,see microchip cannot put using covid vaccine plus need bigger largescale tracking extremely close range someone track cell phone use spread false information stupidly easier
545,plus,CC,CCONJ,see microchip cannot put using covid vaccine plus need bigger largescale tracking extremely close range someone track cell phone use spread false information stupidly easier
546,need,VB,VERB,see microchip cannot put using covid vaccine plus need bigger largescale tracking extremely close range someone track cell phone use spread false information stupidly easier
547,bigger,JJR,ADJ,see microchip cannot put using covid vaccine plus need bigger largescale tracking extremely close range someone track cell phone use spread false information stupidly easier
548,largescale,NN,NOUN,see microchip cannot put using covid vaccine plus need bigger largescale tracking extremely close range someone track cell phone use spread false information stupidly easier
549,tracking,VBG,VERB,see microchip cannot put using covid vaccine plus need bigger largescale tracking extremely close range someone track cell phone use spread false information stupidly easier
550,extremely,RB,ADV,see microchip cannot put using covid vaccine plus need bigger largescale tracking extremely close range someone track cell phone use spread false information stupidly easier
551,close,JJ,ADJ,see microchip cannot put using covid vaccine plus need bigger largescale tracking extremely close range someone track cell phone use spread false information stupidly easier
552,range,NN,NOUN,see microchip cannot put using covid vaccine plus need bigger largescale tracking extremely close range someone track cell phone use spread false information stupidly easier
553,someone,NN,PRON,see microchip cannot put using covid vaccine plus need bigger largescale tracking extremely close range someone track cell phone use spread false information stupidly easier
554,track,NN,NOUN,see microchip cannot put using covid vaccine plus need bigger largescale tracking extremely close range someone track cell phone use spread false information stupidly easier
555,cell,NN,NOUN,see microchip cannot put using covid vaccine plus need bigger largescale tracking extremely close range someone track cell phone use spread false information stupidly easier
556,phone,NN,NOUN,see microchip cannot put using covid vaccine plus need bigger largescale tracking extremely close range someone track cell phone use spread false information stupidly easier
557,use,NN,NOUN,see microchip cannot put using covid vaccine plus need bigger largescale tracking extremely close range someone track cell phone use spread false information stupidly easier
558,spread,VBD,VERB,see microchip cannot put using covid vaccine plus need bigger largescale tracking extremely close range someone track cell phone use spread false information stupidly easier
559,false,JJ,ADJ,see microchip cannot put using covid vaccine plus need bigger largescale tracking extremely close range someone track cell phone use spread false information stupidly easier
560,information,NN,NOUN,see microchip cannot put using covid vaccine plus need bigger largescale tracking extremely close range someone track cell phone use spread false information stupidly easier
561,stupidly,RB,ADV,see microchip cannot put using covid vaccine plus need bigger largescale tracking extremely close range someone track cell phone use spread false information stupidly easier
562,easier,JJR,ADJ,see microchip cannot put using covid vaccine plus need bigger largescale tracking extremely close range someone track cell phone use spread false information stupidly easier
563,vernersviews,NNP,PROPN,vernersviews anyone providing number people may suffered serious side effect perhaps death must take following number account many million st dos vaccine proving safe vastly safer covid course
564,anyone,NN,PRON,vernersviews anyone providing number people may suffered serious side effect perhaps death must take following number account many million st dos vaccine proving safe vastly safer covid course
565,providing,VBG,VERB,vernersviews anyone providing number people may suffered serious side effect perhaps death must take following number account many million st dos vaccine proving safe vastly safer covid course
566,number,NN,NOUN,vernersviews anyone providing number people may suffered serious side effect perhaps death must take following number account many million st dos vaccine proving safe vastly safer covid course
567,people,NNS,NOUN,vernersviews anyone providing number people may suffered serious side effect perhaps death must take following number account many million st dos vaccine proving safe vastly safer covid course
568,may,MD,AUX,vernersviews anyone providing number people may suffered serious side effect perhaps death must take following number account many million st dos vaccine proving safe vastly safer covid course
569,suffered,VBN,VERB,vernersviews anyone providing number people may suffered serious side effect perhaps death must take following number account many million st dos vaccine proving safe vastly safer covid course
570,serious,JJ,ADJ,vernersviews anyone providing number people may suffered serious side effect perhaps death must take following number account many million st dos vaccine proving safe vastly safer covid course
571,side,NN,NOUN,vernersviews anyone providing number people may suffered serious side effect perhaps death must take following number account many million st dos vaccine proving safe vastly safer covid course
572,effect,NN,NOUN,vernersviews anyone providing number people may suffered serious side effect perhaps death must take following number account many million st dos vaccine proving safe vastly safer covid course
573,perhaps,RB,ADV,vernersviews anyone providing number people may suffered serious side effect perhaps death must take following number account many million st dos vaccine proving safe vastly safer covid course
574,death,NN,NOUN,vernersviews anyone providing number people may suffered serious side effect perhaps death must take following number account many million st dos vaccine proving safe vastly safer covid course
575,must,MD,AUX,vernersviews anyone providing number people may suffered serious side effect perhaps death must take following number account many million st dos vaccine proving safe vastly safer covid course
576,take,VB,VERB,vernersviews anyone providing number people may suffered serious side effect perhaps death must take following number account many million st dos vaccine proving safe vastly safer covid course
577,following,VBG,VERB,vernersviews anyone providing number people may suffered serious side effect perhaps death must take following number account many million st dos vaccine proving safe vastly safer covid course
578,number,NN,NOUN,vernersviews anyone providing number people may suffered serious side effect perhaps death must take following number account many million st dos vaccine proving safe vastly safer covid course
579,account,NN,NOUN,vernersviews anyone providing number people may suffered serious side effect perhaps death must take following number account many million st dos vaccine proving safe vastly safer covid course
580,many,JJ,ADJ,vernersviews anyone providing number people may suffered serious side effect perhaps death must take following number account many million st dos vaccine proving safe vastly safer covid course
581,million,CD,NUM,vernersviews anyone providing number people may suffered serious side effect perhaps death must take following number account many million st dos vaccine proving safe vastly safer covid course
582,st,NNP,PROPN,vernersviews anyone providing number people may suffered serious side effect perhaps death must take following number account many million st dos vaccine proving safe vastly safer covid course
583,dos,NNP,PROPN,vernersviews anyone providing number people may suffered serious side effect perhaps death must take following number account many million st dos vaccine proving safe vastly safer covid course
584,vaccine,NNP,PROPN,vernersviews anyone providing number people may suffered serious side effect perhaps death must take following number account many million st dos vaccine proving safe vastly safer covid course
585,proving,VBG,VERB,vernersviews anyone providing number people may suffered serious side effect perhaps death must take following number account many million st dos vaccine proving safe vastly safer covid course
586,safe,JJ,ADJ,vernersviews anyone providing number people may suffered serious side effect perhaps death must take following number account many million st dos vaccine proving safe vastly safer covid course
587,vastly,RB,ADV,vernersviews anyone providing number people may suffered serious side effect perhaps death must take following number account many million st dos vaccine proving safe vastly safer covid course
588,safer,JJR,ADJ,vernersviews anyone providing number people may suffered serious side effect perhaps death must take following number account many million st dos vaccine proving safe vastly safer covid course
589,covid,JJ,ADJ,vernersviews anyone providing number people may suffered serious side effect perhaps death must take following number account many million st dos vaccine proving safe vastly safer covid course
590,course,NN,NOUN,vernersviews anyone providing number people may suffered serious side effect perhaps death must take following number account many million st dos vaccine proving safe vastly safer covid course
591,cp,NNP,PROPN,cp implore everyone reading look well known safe alternative vaccine called ivermectin several case study around world shown recovery rate ill covid ivermectin also work preventative
592,implore,VBP,VERB,cp implore everyone reading look well known safe alternative vaccine called ivermectin several case study around world shown recovery rate ill covid ivermectin also work preventative
593,everyone,NN,PRON,cp implore everyone reading look well known safe alternative vaccine called ivermectin several case study around world shown recovery rate ill covid ivermectin also work preventative
594,reading,VBG,VERB,cp implore everyone reading look well known safe alternative vaccine called ivermectin several case study around world shown recovery rate ill covid ivermectin also work preventative
595,look,VB,VERB,cp implore everyone reading look well known safe alternative vaccine called ivermectin several case study around world shown recovery rate ill covid ivermectin also work preventative
596,well,RB,ADV,cp implore everyone reading look well known safe alternative vaccine called ivermectin several case study around world shown recovery rate ill covid ivermectin also work preventative
597,known,VBN,VERB,cp implore everyone reading look well known safe alternative vaccine called ivermectin several case study around world shown recovery rate ill covid ivermectin also work preventative
598,safe,JJ,ADJ,cp implore everyone reading look well known safe alternative vaccine called ivermectin several case study around world shown recovery rate ill covid ivermectin also work preventative
599,alternative,JJ,ADJ,cp implore everyone reading look well known safe alternative vaccine called ivermectin several case study around world shown recovery rate ill covid ivermectin also work preventative
600,vaccine,NN,NOUN,cp implore everyone reading look well known safe alternative vaccine called ivermectin several case study around world shown recovery rate ill covid ivermectin also work preventative
601,called,VBD,VERB,cp implore everyone reading look well known safe alternative vaccine called ivermectin several case study around world shown recovery rate ill covid ivermectin also work preventative
602,ivermectin,NNP,PROPN,cp implore everyone reading look well known safe alternative vaccine called ivermectin several case study around world shown recovery rate ill covid ivermectin also work preventative
603,several,JJ,ADJ,cp implore everyone reading look well known safe alternative vaccine called ivermectin several case study around world shown recovery rate ill covid ivermectin also work preventative
604,case,NN,NOUN,cp implore everyone reading look well known safe alternative vaccine called ivermectin several case study around world shown recovery rate ill covid ivermectin also work preventative
605,study,NN,NOUN,cp implore everyone reading look well known safe alternative vaccine called ivermectin several case study around world shown recovery rate ill covid ivermectin also work preventative
606,around,IN,ADP,cp implore everyone reading look well known safe alternative vaccine called ivermectin several case study around world shown recovery rate ill covid ivermectin also work preventative
607,world,NN,NOUN,cp implore everyone reading look well known safe alternative vaccine called ivermectin several case study around world shown recovery rate ill covid ivermectin also work preventative
608,shown,VBN,VERB,cp implore everyone reading look well known safe alternative vaccine called ivermectin several case study around world shown recovery rate ill covid ivermectin also work preventative
609,recovery,NN,NOUN,cp implore everyone reading look well known safe alternative vaccine called ivermectin several case study around world shown recovery rate ill covid ivermectin also work preventative
610,rate,NN,NOUN,cp implore everyone reading look well known safe alternative vaccine called ivermectin several case study around world shown recovery rate ill covid ivermectin also work preventative
611,ill,NNP,PROPN,cp implore everyone reading look well known safe alternative vaccine called ivermectin several case study around world shown recovery rate ill covid ivermectin also work preventative
612,covid,NNP,PROPN,cp implore everyone reading look well known safe alternative vaccine called ivermectin several case study around world shown recovery rate ill covid ivermectin also work preventative
613,ivermectin,NNP,PROPN,cp implore everyone reading look well known safe alternative vaccine called ivermectin several case study around world shown recovery rate ill covid ivermectin also work preventative
614,also,RB,ADV,cp implore everyone reading look well known safe alternative vaccine called ivermectin several case study around world shown recovery rate ill covid ivermectin also work preventative
615,work,VBP,VERB,cp implore everyone reading look well known safe alternative vaccine called ivermectin several case study around world shown recovery rate ill covid ivermectin also work preventative
616,preventative,JJ,ADJ,cp implore everyone reading look well known safe alternative vaccine called ivermectin several case study around world shown recovery rate ill covid ivermectin also work preventative
617,uhuh,UH,INTJ,uhuh ontario government say incorrectly reporting covid vaccine data
618,ontario,NNP,PROPN,uhuh ontario government say incorrectly reporting covid vaccine data
619,government,NN,NOUN,uhuh ontario government say incorrectly reporting covid vaccine data
620,say,VBP,VERB,uhuh ontario government say incorrectly reporting covid vaccine data
621,incorrectly,RB,ADV,uhuh ontario government say incorrectly reporting covid vaccine data
622,reporting,VBG,VERB,uhuh ontario government say incorrectly reporting covid vaccine data
623,covid,JJ,ADJ,uhuh ontario government say incorrectly reporting covid vaccine data
624,vaccine,NN,NOUN,uhuh ontario government say incorrectly reporting covid vaccine data
625,data,NNS,NOUN,uhuh ontario government say incorrectly reporting covid vaccine data
626,youatmre,NN,NOUN,youatmre looking thorough easytounderstand explanation covid vaccine work hint doesnatmt work way flu vaccine one great contains perfect amount swearing scientific technological achievement
627,looking,VBG,VERB,youatmre looking thorough easytounderstand explanation covid vaccine work hint doesnatmt work way flu vaccine one great contains perfect amount swearing scientific technological achievement
628,thorough,JJ,ADJ,youatmre looking thorough easytounderstand explanation covid vaccine work hint doesnatmt work way flu vaccine one great contains perfect amount swearing scientific technological achievement
629,easytounderstand,NN,NOUN,youatmre looking thorough easytounderstand explanation covid vaccine work hint doesnatmt work way flu vaccine one great contains perfect amount swearing scientific technological achievement
630,explanation,NN,NOUN,youatmre looking thorough easytounderstand explanation covid vaccine work hint doesnatmt work way flu vaccine one great contains perfect amount swearing scientific technological achievement
631,covid,NNP,PROPN,youatmre looking thorough easytounderstand explanation covid vaccine work hint doesnatmt work way flu vaccine one great contains perfect amount swearing scientific technological achievement
632,vaccine,NN,NOUN,youatmre looking thorough easytounderstand explanation covid vaccine work hint doesnatmt work way flu vaccine one great contains perfect amount swearing scientific technological achievement
633,work,NN,NOUN,youatmre looking thorough easytounderstand explanation covid vaccine work hint doesnatmt work way flu vaccine one great contains perfect amount swearing scientific technological achievement
634,hint,NNP,PROPN,youatmre looking thorough easytounderstand explanation covid vaccine work hint doesnatmt work way flu vaccine one great contains perfect amount swearing scientific technological achievement
635,doesnatmt,NNP,PROPN,youatmre looking thorough easytounderstand explanation covid vaccine work hint doesnatmt work way flu vaccine one great contains perfect amount swearing scientific technological achievement
636,work,NN,NOUN,youatmre looking thorough easytounderstand explanation covid vaccine work hint doesnatmt work way flu vaccine one great contains perfect amount swearing scientific technological achievement
637,way,NN,NOUN,youatmre looking thorough easytounderstand explanation covid vaccine work hint doesnatmt work way flu vaccine one great contains perfect amount swearing scientific technological achievement
638,flu,NNP,PROPN,youatmre looking thorough easytounderstand explanation covid vaccine work hint doesnatmt work way flu vaccine one great contains perfect amount swearing scientific technological achievement
639,vaccine,NN,NOUN,youatmre looking thorough easytounderstand explanation covid vaccine work hint doesnatmt work way flu vaccine one great contains perfect amount swearing scientific technological achievement
640,one,CD,NUM,youatmre looking thorough easytounderstand explanation covid vaccine work hint doesnatmt work way flu vaccine one great contains perfect amount swearing scientific technological achievement
641,great,JJ,ADJ,youatmre looking thorough easytounderstand explanation covid vaccine work hint doesnatmt work way flu vaccine one great contains perfect amount swearing scientific technological achievement
642,contains,VBZ,VERB,youatmre looking thorough easytounderstand explanation covid vaccine work hint doesnatmt work way flu vaccine one great contains perfect amount swearing scientific technological achievement
643,perfect,JJ,ADJ,youatmre looking thorough easytounderstand explanation covid vaccine work hint doesnatmt work way flu vaccine one great contains perfect amount swearing scientific technological achievement
644,amount,NN,NOUN,youatmre looking thorough easytounderstand explanation covid vaccine work hint doesnatmt work way flu vaccine one great contains perfect amount swearing scientific technological achievement
645,swearing,VBG,VERB,youatmre looking thorough easytounderstand explanation covid vaccine work hint doesnatmt work way flu vaccine one great contains perfect amount swearing scientific technological achievement
646,scientific,JJ,ADJ,youatmre looking thorough easytounderstand explanation covid vaccine work hint doesnatmt work way flu vaccine one great contains perfect amount swearing scientific technological achievement
647,technological,JJ,ADJ,youatmre looking thorough easytounderstand explanation covid vaccine work hint doesnatmt work way flu vaccine one great contains perfect amount swearing scientific technological achievement
648,achievement,NN,NOUN,youatmre looking thorough easytounderstand explanation covid vaccine work hint doesnatmt work way flu vaccine one great contains perfect amount swearing scientific technological achievement
649,nanotechnology,NNP,PROPN,nanotechnology new hazard mrna covid vaccine lipid nanoparticles atmnanoatm particle many known harmful effect
650,new,NNP,PROPN,nanotechnology new hazard mrna covid vaccine lipid nanoparticles atmnanoatm particle many known harmful effect
651,hazard,NNP,PROPN,nanotechnology new hazard mrna covid vaccine lipid nanoparticles atmnanoatm particle many known harmful effect
652,mrna,NNP,PROPN,nanotechnology new hazard mrna covid vaccine lipid nanoparticles atmnanoatm particle many known harmful effect
653,covid,NNP,PROPN,nanotechnology new hazard mrna covid vaccine lipid nanoparticles atmnanoatm particle many known harmful effect
654,vaccine,NN,NOUN,nanotechnology new hazard mrna covid vaccine lipid nanoparticles atmnanoatm particle many known harmful effect
655,lipid,NN,NOUN,nanotechnology new hazard mrna covid vaccine lipid nanoparticles atmnanoatm particle many known harmful effect
656,nanoparticles,VBZ,VERB,nanotechnology new hazard mrna covid vaccine lipid nanoparticles atmnanoatm particle many known harmful effect
657,atmnanoatm,JJ,ADJ,nanotechnology new hazard mrna covid vaccine lipid nanoparticles atmnanoatm particle many known harmful effect
658,particle,NN,NOUN,nanotechnology new hazard mrna covid vaccine lipid nanoparticles atmnanoatm particle many known harmful effect
659,many,JJ,ADJ,nanotechnology new hazard mrna covid vaccine lipid nanoparticles atmnanoatm particle many known harmful effect
660,known,VBN,VERB,nanotechnology new hazard mrna covid vaccine lipid nanoparticles atmnanoatm particle many known harmful effect
661,harmful,JJ,ADJ,nanotechnology new hazard mrna covid vaccine lipid nanoparticles atmnanoatm particle many known harmful effect
662,effect,NN,NOUN,nanotechnology new hazard mrna covid vaccine lipid nanoparticles atmnanoatm particle many known harmful effect
663,tonight,NN,NOUN,tonight doctor express concern pregnant woman vaccinated covid debunking myth vaccine infertility
664,doctor,NN,NOUN,tonight doctor express concern pregnant woman vaccinated covid debunking myth vaccine infertility
665,express,NN,NOUN,tonight doctor express concern pregnant woman vaccinated covid debunking myth vaccine infertility
666,concern,NN,NOUN,tonight doctor express concern pregnant woman vaccinated covid debunking myth vaccine infertility
667,pregnant,JJ,ADJ,tonight doctor express concern pregnant woman vaccinated covid debunking myth vaccine infertility
668,woman,NN,NOUN,tonight doctor express concern pregnant woman vaccinated covid debunking myth vaccine infertility
669,vaccinated,VBD,VERB,tonight doctor express concern pregnant woman vaccinated covid debunking myth vaccine infertility
670,covid,JJ,ADJ,tonight doctor express concern pregnant woman vaccinated covid debunking myth vaccine infertility
671,debunking,NN,NOUN,tonight doctor express concern pregnant woman vaccinated covid debunking myth vaccine infertility
672,myth,NNP,PROPN,tonight doctor express concern pregnant woman vaccinated covid debunking myth vaccine infertility
673,vaccine,NN,NOUN,tonight doctor express concern pregnant woman vaccinated covid debunking myth vaccine infertility
674,infertility,NN,NOUN,tonight doctor express concern pregnant woman vaccinated covid debunking myth vaccine infertility
675,moderna,NNP,PROPN,moderna reveals final result covid vaccine
676,reveals,VBZ,VERB,moderna reveals final result covid vaccine
677,final,JJ,ADJ,moderna reveals final result covid vaccine
678,result,NN,NOUN,moderna reveals final result covid vaccine
679,covid,NNP,PROPN,moderna reveals final result covid vaccine
680,vaccine,NN,NOUN,moderna reveals final result covid vaccine
681,coronavaccine,NNP,PROPN,coronavaccine govt want people trust vaccine efficacy shekhargupta jhasanjay hundred died covid infection included gujarat tally report
682,govt,NN,NOUN,coronavaccine govt want people trust vaccine efficacy shekhargupta jhasanjay hundred died covid infection included gujarat tally report
683,want,VBP,VERB,coronavaccine govt want people trust vaccine efficacy shekhargupta jhasanjay hundred died covid infection included gujarat tally report
684,people,NNS,NOUN,coronavaccine govt want people trust vaccine efficacy shekhargupta jhasanjay hundred died covid infection included gujarat tally report
685,trust,VBP,VERB,coronavaccine govt want people trust vaccine efficacy shekhargupta jhasanjay hundred died covid infection included gujarat tally report
686,vaccine,NN,NOUN,coronavaccine govt want people trust vaccine efficacy shekhargupta jhasanjay hundred died covid infection included gujarat tally report
687,efficacy,NN,NOUN,coronavaccine govt want people trust vaccine efficacy shekhargupta jhasanjay hundred died covid infection included gujarat tally report
688,shekhargupta,NNS,NOUN,coronavaccine govt want people trust vaccine efficacy shekhargupta jhasanjay hundred died covid infection included gujarat tally report
689,jhasanjay,NNP,PROPN,coronavaccine govt want people trust vaccine efficacy shekhargupta jhasanjay hundred died covid infection included gujarat tally report
690,hundred,CD,NUM,coronavaccine govt want people trust vaccine efficacy shekhargupta jhasanjay hundred died covid infection included gujarat tally report
691,died,VBD,VERB,coronavaccine govt want people trust vaccine efficacy shekhargupta jhasanjay hundred died covid infection included gujarat tally report
692,covid,JJ,ADJ,coronavaccine govt want people trust vaccine efficacy shekhargupta jhasanjay hundred died covid infection included gujarat tally report
693,infection,NN,NOUN,coronavaccine govt want people trust vaccine efficacy shekhargupta jhasanjay hundred died covid infection included gujarat tally report
694,included,VBD,VERB,coronavaccine govt want people trust vaccine efficacy shekhargupta jhasanjay hundred died covid infection included gujarat tally report
695,gujarat,NNP,PROPN,coronavaccine govt want people trust vaccine efficacy shekhargupta jhasanjay hundred died covid infection included gujarat tally report
696,tally,NNP,PROPN,coronavaccine govt want people trust vaccine efficacy shekhargupta jhasanjay hundred died covid infection included gujarat tally report
697,report,VBP,VERB,coronavaccine govt want people trust vaccine efficacy shekhargupta jhasanjay hundred died covid infection included gujarat tally report
698,question,NN,NOUN,question covid vaccine hear medical expert community leader public health professional ohioatms covid vaccine town hall caresourceemployee
699,covid,JJ,ADJ,question covid vaccine hear medical expert community leader public health professional ohioatms covid vaccine town hall caresourceemployee
700,vaccine,NN,NOUN,question covid vaccine hear medical expert community leader public health professional ohioatms covid vaccine town hall caresourceemployee
701,hear,VBP,VERB,question covid vaccine hear medical expert community leader public health professional ohioatms covid vaccine town hall caresourceemployee
702,medical,JJ,ADJ,question covid vaccine hear medical expert community leader public health professional ohioatms covid vaccine town hall caresourceemployee
703,expert,NN,NOUN,question covid vaccine hear medical expert community leader public health professional ohioatms covid vaccine town hall caresourceemployee
704,community,NN,NOUN,question covid vaccine hear medical expert community leader public health professional ohioatms covid vaccine town hall caresourceemployee
705,leader,NN,NOUN,question covid vaccine hear medical expert community leader public health professional ohioatms covid vaccine town hall caresourceemployee
706,public,NNP,PROPN,question covid vaccine hear medical expert community leader public health professional ohioatms covid vaccine town hall caresourceemployee
707,health,NN,NOUN,question covid vaccine hear medical expert community leader public health professional ohioatms covid vaccine town hall caresourceemployee
708,professional,NNP,PROPN,question covid vaccine hear medical expert community leader public health professional ohioatms covid vaccine town hall caresourceemployee
709,ohioatms,NNP,PROPN,question covid vaccine hear medical expert community leader public health professional ohioatms covid vaccine town hall caresourceemployee
710,covid,NNP,PROPN,question covid vaccine hear medical expert community leader public health professional ohioatms covid vaccine town hall caresourceemployee
711,vaccine,NNP,PROPN,question covid vaccine hear medical expert community leader public health professional ohioatms covid vaccine town hall caresourceemployee
712,town,NN,NOUN,question covid vaccine hear medical expert community leader public health professional ohioatms covid vaccine town hall caresourceemployee
713,hall,NNP,PROPN,question covid vaccine hear medical expert community leader public health professional ohioatms covid vaccine town hall caresourceemployee
714,caresourceemployee,NNP,PROPN,question covid vaccine hear medical expert community leader public health professional ohioatms covid vaccine town hall caresourceemployee
715,hello,UH,INTJ,hello amalia valid point sudden switch prioritised inoculated vaccine data stop asymptomatic spread virus extent prevent people developing severe covid hq biontech mainz germany diana
716,amalia,UH,INTJ,hello amalia valid point sudden switch prioritised inoculated vaccine data stop asymptomatic spread virus extent prevent people developing severe covid hq biontech mainz germany diana
717,valid,JJ,ADJ,hello amalia valid point sudden switch prioritised inoculated vaccine data stop asymptomatic spread virus extent prevent people developing severe covid hq biontech mainz germany diana
718,point,NN,NOUN,hello amalia valid point sudden switch prioritised inoculated vaccine data stop asymptomatic spread virus extent prevent people developing severe covid hq biontech mainz germany diana
719,sudden,JJ,ADJ,hello amalia valid point sudden switch prioritised inoculated vaccine data stop asymptomatic spread virus extent prevent people developing severe covid hq biontech mainz germany diana
720,switch,NN,NOUN,hello amalia valid point sudden switch prioritised inoculated vaccine data stop asymptomatic spread virus extent prevent people developing severe covid hq biontech mainz germany diana
721,prioritised,VBN,VERB,hello amalia valid point sudden switch prioritised inoculated vaccine data stop asymptomatic spread virus extent prevent people developing severe covid hq biontech mainz germany diana
722,inoculated,VBN,VERB,hello amalia valid point sudden switch prioritised inoculated vaccine data stop asymptomatic spread virus extent prevent people developing severe covid hq biontech mainz germany diana
723,vaccine,NN,NOUN,hello amalia valid point sudden switch prioritised inoculated vaccine data stop asymptomatic spread virus extent prevent people developing severe covid hq biontech mainz germany diana
724,data,NNS,NOUN,hello amalia valid point sudden switch prioritised inoculated vaccine data stop asymptomatic spread virus extent prevent people developing severe covid hq biontech mainz germany diana
725,stop,VBP,VERB,hello amalia valid point sudden switch prioritised inoculated vaccine data stop asymptomatic spread virus extent prevent people developing severe covid hq biontech mainz germany diana
726,asymptomatic,JJ,ADJ,hello amalia valid point sudden switch prioritised inoculated vaccine data stop asymptomatic spread virus extent prevent people developing severe covid hq biontech mainz germany diana
727,spread,NN,NOUN,hello amalia valid point sudden switch prioritised inoculated vaccine data stop asymptomatic spread virus extent prevent people developing severe covid hq biontech mainz germany diana
728,virus,NN,NOUN,hello amalia valid point sudden switch prioritised inoculated vaccine data stop asymptomatic spread virus extent prevent people developing severe covid hq biontech mainz germany diana
729,extent,NN,NOUN,hello amalia valid point sudden switch prioritised inoculated vaccine data stop asymptomatic spread virus extent prevent people developing severe covid hq biontech mainz germany diana
730,prevent,VBP,VERB,hello amalia valid point sudden switch prioritised inoculated vaccine data stop asymptomatic spread virus extent prevent people developing severe covid hq biontech mainz germany diana
731,people,NNS,NOUN,hello amalia valid point sudden switch prioritised inoculated vaccine data stop asymptomatic spread virus extent prevent people developing severe covid hq biontech mainz germany diana
732,developing,VBG,VERB,hello amalia valid point sudden switch prioritised inoculated vaccine data stop asymptomatic spread virus extent prevent people developing severe covid hq biontech mainz germany diana
733,severe,JJ,ADJ,hello amalia valid point sudden switch prioritised inoculated vaccine data stop asymptomatic spread virus extent prevent people developing severe covid hq biontech mainz germany diana
734,covid,JJ,ADJ,hello amalia valid point sudden switch prioritised inoculated vaccine data stop asymptomatic spread virus extent prevent people developing severe covid hq biontech mainz germany diana
735,hq,NN,NOUN,hello amalia valid point sudden switch prioritised inoculated vaccine data stop asymptomatic spread virus extent prevent people developing severe covid hq biontech mainz germany diana
736,biontech,NNP,PROPN,hello amalia valid point sudden switch prioritised inoculated vaccine data stop asymptomatic spread virus extent prevent people developing severe covid hq biontech mainz germany diana
737,mainz,NNP,PROPN,hello amalia valid point sudden switch prioritised inoculated vaccine data stop asymptomatic spread virus extent prevent people developing severe covid hq biontech mainz germany diana
738,germany,NNP,PROPN,hello amalia valid point sudden switch prioritised inoculated vaccine data stop asymptomatic spread virus extent prevent people developing severe covid hq biontech mainz germany diana
739,diana,NNP,PROPN,hello amalia valid point sudden switch prioritised inoculated vaccine data stop asymptomatic spread virus extent prevent people developing severe covid hq biontech mainz germany diana
740,stop,VB,VERB,stop wearing mask getting covid vaccine answer
741,wearing,VBG,VERB,stop wearing mask getting covid vaccine answer
742,mask,NN,NOUN,stop wearing mask getting covid vaccine answer
743,getting,VBG,VERB,stop wearing mask getting covid vaccine answer
744,covid,JJ,ADJ,stop wearing mask getting covid vaccine answer
745,vaccine,NN,NOUN,stop wearing mask getting covid vaccine answer
746,answer,NN,NOUN,stop wearing mask getting covid vaccine answer
747,baby,NN,NOUN,baby vaccination new study suggests pfizers covid vaccine work mom
748,vaccination,NN,NOUN,baby vaccination new study suggests pfizers covid vaccine work mom
749,new,JJ,ADJ,baby vaccination new study suggests pfizers covid vaccine work mom
750,study,NN,NOUN,baby vaccination new study suggests pfizers covid vaccine work mom
751,suggests,VBZ,VERB,baby vaccination new study suggests pfizers covid vaccine work mom
752,pfizers,NNS,NOUN,baby vaccination new study suggests pfizers covid vaccine work mom
753,covid,JJ,ADJ,baby vaccination new study suggests pfizers covid vaccine work mom
754,vaccine,NN,NOUN,baby vaccination new study suggests pfizers covid vaccine work mom
755,work,NN,NOUN,baby vaccination new study suggests pfizers covid vaccine work mom
756,mom,NN,NOUN,baby vaccination new study suggests pfizers covid vaccine work mom
757,risk,NN,NOUN,risk v benefit know covid vaccine side effect
758,v,NNP,PROPN,risk v benefit know covid vaccine side effect
759,benefit,NN,NOUN,risk v benefit know covid vaccine side effect
760,know,VBP,VERB,risk v benefit know covid vaccine side effect
761,covid,JJ,ADJ,risk v benefit know covid vaccine side effect
762,vaccine,NN,NOUN,risk v benefit know covid vaccine side effect
763,side,NN,NOUN,risk v benefit know covid vaccine side effect
764,effect,NN,NOUN,risk v benefit know covid vaccine side effect
765,nqosy,NNP,PROPN,nqosy positive vaccine expected virus causing covid first attenuated weakened point cause disease activate antibody introduced antigen sometimes immune disease developed greatpmkgmailcom
766,positive,JJ,ADJ,nqosy positive vaccine expected virus causing covid first attenuated weakened point cause disease activate antibody introduced antigen sometimes immune disease developed greatpmkgmailcom
767,vaccine,NNP,PROPN,nqosy positive vaccine expected virus causing covid first attenuated weakened point cause disease activate antibody introduced antigen sometimes immune disease developed greatpmkgmailcom
768,expected,VBD,VERB,nqosy positive vaccine expected virus causing covid first attenuated weakened point cause disease activate antibody introduced antigen sometimes immune disease developed greatpmkgmailcom
769,virus,NN,NOUN,nqosy positive vaccine expected virus causing covid first attenuated weakened point cause disease activate antibody introduced antigen sometimes immune disease developed greatpmkgmailcom
770,causing,VBG,VERB,nqosy positive vaccine expected virus causing covid first attenuated weakened point cause disease activate antibody introduced antigen sometimes immune disease developed greatpmkgmailcom
771,covid,JJ,ADJ,nqosy positive vaccine expected virus causing covid first attenuated weakened point cause disease activate antibody introduced antigen sometimes immune disease developed greatpmkgmailcom
772,first,RB,ADV,nqosy positive vaccine expected virus causing covid first attenuated weakened point cause disease activate antibody introduced antigen sometimes immune disease developed greatpmkgmailcom
773,attenuated,VBN,VERB,nqosy positive vaccine expected virus causing covid first attenuated weakened point cause disease activate antibody introduced antigen sometimes immune disease developed greatpmkgmailcom
774,weakened,JJ,ADJ,nqosy positive vaccine expected virus causing covid first attenuated weakened point cause disease activate antibody introduced antigen sometimes immune disease developed greatpmkgmailcom
775,point,NN,NOUN,nqosy positive vaccine expected virus causing covid first attenuated weakened point cause disease activate antibody introduced antigen sometimes immune disease developed greatpmkgmailcom
776,cause,NN,NOUN,nqosy positive vaccine expected virus causing covid first attenuated weakened point cause disease activate antibody introduced antigen sometimes immune disease developed greatpmkgmailcom
777,disease,NN,NOUN,nqosy positive vaccine expected virus causing covid first attenuated weakened point cause disease activate antibody introduced antigen sometimes immune disease developed greatpmkgmailcom
778,activate,NN,NOUN,nqosy positive vaccine expected virus causing covid first attenuated weakened point cause disease activate antibody introduced antigen sometimes immune disease developed greatpmkgmailcom
779,antibody,NN,NOUN,nqosy positive vaccine expected virus causing covid first attenuated weakened point cause disease activate antibody introduced antigen sometimes immune disease developed greatpmkgmailcom
780,introduced,VBN,VERB,nqosy positive vaccine expected virus causing covid first attenuated weakened point cause disease activate antibody introduced antigen sometimes immune disease developed greatpmkgmailcom
781,antigen,NN,NOUN,nqosy positive vaccine expected virus causing covid first attenuated weakened point cause disease activate antibody introduced antigen sometimes immune disease developed greatpmkgmailcom
782,sometimes,RB,ADV,nqosy positive vaccine expected virus causing covid first attenuated weakened point cause disease activate antibody introduced antigen sometimes immune disease developed greatpmkgmailcom
783,immune,JJ,ADJ,nqosy positive vaccine expected virus causing covid first attenuated weakened point cause disease activate antibody introduced antigen sometimes immune disease developed greatpmkgmailcom
784,disease,NN,NOUN,nqosy positive vaccine expected virus causing covid first attenuated weakened point cause disease activate antibody introduced antigen sometimes immune disease developed greatpmkgmailcom
785,developed,VBD,VERB,nqosy positive vaccine expected virus causing covid first attenuated weakened point cause disease activate antibody introduced antigen sometimes immune disease developed greatpmkgmailcom
786,greatpmkgmailcom,RBR,ADV,nqosy positive vaccine expected virus causing covid first attenuated weakened point cause disease activate antibody introduced antigen sometimes immune disease developed greatpmkgmailcom
787,dr,NNP,PROPN,dr kevin covid vaccine another strain coronavirus influenza
788,kevin,NNP,PROPN,dr kevin covid vaccine another strain coronavirus influenza
789,covid,NNP,PROPN,dr kevin covid vaccine another strain coronavirus influenza
790,vaccine,NNP,PROPN,dr kevin covid vaccine another strain coronavirus influenza
791,another,DT,DET,dr kevin covid vaccine another strain coronavirus influenza
792,strain,NN,NOUN,dr kevin covid vaccine another strain coronavirus influenza
793,coronavirus,NN,NOUN,dr kevin covid vaccine another strain coronavirus influenza
794,influenza,NN,NOUN,dr kevin covid vaccine another strain coronavirus influenza
795,cjsienna,NNP,PROPN,cjsienna lynnbrittney trusttruth lindsaypuppyd covid single vaccine dose lead greater risk new coronavirus variant south african expert warn variant thought responsible infection south africa already found uk
796,lynnbrittney,NNP,PROPN,cjsienna lynnbrittney trusttruth lindsaypuppyd covid single vaccine dose lead greater risk new coronavirus variant south african expert warn variant thought responsible infection south africa already found uk
797,trusttruth,NNP,PROPN,cjsienna lynnbrittney trusttruth lindsaypuppyd covid single vaccine dose lead greater risk new coronavirus variant south african expert warn variant thought responsible infection south africa already found uk
798,lindsaypuppyd,NNP,PROPN,cjsienna lynnbrittney trusttruth lindsaypuppyd covid single vaccine dose lead greater risk new coronavirus variant south african expert warn variant thought responsible infection south africa already found uk
799,covid,NNP,PROPN,cjsienna lynnbrittney trusttruth lindsaypuppyd covid single vaccine dose lead greater risk new coronavirus variant south african expert warn variant thought responsible infection south africa already found uk
800,single,JJ,ADJ,cjsienna lynnbrittney trusttruth lindsaypuppyd covid single vaccine dose lead greater risk new coronavirus variant south african expert warn variant thought responsible infection south africa already found uk
801,vaccine,NN,NOUN,cjsienna lynnbrittney trusttruth lindsaypuppyd covid single vaccine dose lead greater risk new coronavirus variant south african expert warn variant thought responsible infection south africa already found uk
802,dose,NN,NOUN,cjsienna lynnbrittney trusttruth lindsaypuppyd covid single vaccine dose lead greater risk new coronavirus variant south african expert warn variant thought responsible infection south africa already found uk
803,lead,VB,VERB,cjsienna lynnbrittney trusttruth lindsaypuppyd covid single vaccine dose lead greater risk new coronavirus variant south african expert warn variant thought responsible infection south africa already found uk
804,greater,JJR,ADJ,cjsienna lynnbrittney trusttruth lindsaypuppyd covid single vaccine dose lead greater risk new coronavirus variant south african expert warn variant thought responsible infection south africa already found uk
805,risk,NN,NOUN,cjsienna lynnbrittney trusttruth lindsaypuppyd covid single vaccine dose lead greater risk new coronavirus variant south african expert warn variant thought responsible infection south africa already found uk
806,new,JJ,ADJ,cjsienna lynnbrittney trusttruth lindsaypuppyd covid single vaccine dose lead greater risk new coronavirus variant south african expert warn variant thought responsible infection south africa already found uk
807,coronavirus,NN,NOUN,cjsienna lynnbrittney trusttruth lindsaypuppyd covid single vaccine dose lead greater risk new coronavirus variant south african expert warn variant thought responsible infection south africa already found uk
808,variant,NN,NOUN,cjsienna lynnbrittney trusttruth lindsaypuppyd covid single vaccine dose lead greater risk new coronavirus variant south african expert warn variant thought responsible infection south africa already found uk
809,south,JJ,ADJ,cjsienna lynnbrittney trusttruth lindsaypuppyd covid single vaccine dose lead greater risk new coronavirus variant south african expert warn variant thought responsible infection south africa already found uk
810,african,JJ,ADJ,cjsienna lynnbrittney trusttruth lindsaypuppyd covid single vaccine dose lead greater risk new coronavirus variant south african expert warn variant thought responsible infection south africa already found uk
811,expert,NN,NOUN,cjsienna lynnbrittney trusttruth lindsaypuppyd covid single vaccine dose lead greater risk new coronavirus variant south african expert warn variant thought responsible infection south africa already found uk
812,warn,VB,VERB,cjsienna lynnbrittney trusttruth lindsaypuppyd covid single vaccine dose lead greater risk new coronavirus variant south african expert warn variant thought responsible infection south africa already found uk
813,variant,JJ,ADJ,cjsienna lynnbrittney trusttruth lindsaypuppyd covid single vaccine dose lead greater risk new coronavirus variant south african expert warn variant thought responsible infection south africa already found uk
814,thought,VBD,VERB,cjsienna lynnbrittney trusttruth lindsaypuppyd covid single vaccine dose lead greater risk new coronavirus variant south african expert warn variant thought responsible infection south africa already found uk
815,responsible,JJ,ADJ,cjsienna lynnbrittney trusttruth lindsaypuppyd covid single vaccine dose lead greater risk new coronavirus variant south african expert warn variant thought responsible infection south africa already found uk
816,infection,NN,NOUN,cjsienna lynnbrittney trusttruth lindsaypuppyd covid single vaccine dose lead greater risk new coronavirus variant south african expert warn variant thought responsible infection south africa already found uk
817,south,NNP,PROPN,cjsienna lynnbrittney trusttruth lindsaypuppyd covid single vaccine dose lead greater risk new coronavirus variant south african expert warn variant thought responsible infection south africa already found uk
818,africa,NNP,PROPN,cjsienna lynnbrittney trusttruth lindsaypuppyd covid single vaccine dose lead greater risk new coronavirus variant south african expert warn variant thought responsible infection south africa already found uk
819,already,RB,ADV,cjsienna lynnbrittney trusttruth lindsaypuppyd covid single vaccine dose lead greater risk new coronavirus variant south african expert warn variant thought responsible infection south africa already found uk
820,found,VBD,VERB,cjsienna lynnbrittney trusttruth lindsaypuppyd covid single vaccine dose lead greater risk new coronavirus variant south african expert warn variant thought responsible infection south africa already found uk
821,uk,NNP,PROPN,cjsienna lynnbrittney trusttruth lindsaypuppyd covid single vaccine dose lead greater risk new coronavirus variant south african expert warn variant thought responsible infection south africa already found uk
822,death,NN,NOUN,death associated new covid vaccine misinformation time honesty pharmaceutical medical establishmenthttpstcobjyveha
823,associated,VBD,VERB,death associated new covid vaccine misinformation time honesty pharmaceutical medical establishmenthttpstcobjyveha
824,new,JJ,ADJ,death associated new covid vaccine misinformation time honesty pharmaceutical medical establishmenthttpstcobjyveha
825,covid,NNP,PROPN,death associated new covid vaccine misinformation time honesty pharmaceutical medical establishmenthttpstcobjyveha
826,vaccine,NN,NOUN,death associated new covid vaccine misinformation time honesty pharmaceutical medical establishmenthttpstcobjyveha
827,misinformation,NN,NOUN,death associated new covid vaccine misinformation time honesty pharmaceutical medical establishmenthttpstcobjyveha
828,time,NN,NOUN,death associated new covid vaccine misinformation time honesty pharmaceutical medical establishmenthttpstcobjyveha
829,honesty,NNP,PROPN,death associated new covid vaccine misinformation time honesty pharmaceutical medical establishmenthttpstcobjyveha
830,pharmaceutical,JJ,ADJ,death associated new covid vaccine misinformation time honesty pharmaceutical medical establishmenthttpstcobjyveha
831,medical,JJ,ADJ,death associated new covid vaccine misinformation time honesty pharmaceutical medical establishmenthttpstcobjyveha
832,establishmenthttpstcobjyveha,NNS,NOUN,death associated new covid vaccine misinformation time honesty pharmaceutical medical establishmenthttpstcobjyveha
833,davekeating,NN,NOUN,davekeating mentioned earlier tweet learn covid vaccination adapt evolve france st country give dos vaccine person already covid one injection booster
834,mentioned,VBN,VERB,davekeating mentioned earlier tweet learn covid vaccination adapt evolve france st country give dos vaccine person already covid one injection booster
835,earlier,JJR,ADJ,davekeating mentioned earlier tweet learn covid vaccination adapt evolve france st country give dos vaccine person already covid one injection booster
836,tweet,NN,NOUN,davekeating mentioned earlier tweet learn covid vaccination adapt evolve france st country give dos vaccine person already covid one injection booster
837,learn,VBP,VERB,davekeating mentioned earlier tweet learn covid vaccination adapt evolve france st country give dos vaccine person already covid one injection booster
838,covid,JJ,ADJ,davekeating mentioned earlier tweet learn covid vaccination adapt evolve france st country give dos vaccine person already covid one injection booster
839,vaccination,NN,NOUN,davekeating mentioned earlier tweet learn covid vaccination adapt evolve france st country give dos vaccine person already covid one injection booster
840,adapt,JJ,ADJ,davekeating mentioned earlier tweet learn covid vaccination adapt evolve france st country give dos vaccine person already covid one injection booster
841,evolve,NNP,PROPN,davekeating mentioned earlier tweet learn covid vaccination adapt evolve france st country give dos vaccine person already covid one injection booster
842,france,NNP,PROPN,davekeating mentioned earlier tweet learn covid vaccination adapt evolve france st country give dos vaccine person already covid one injection booster
843,st,NNP,PROPN,davekeating mentioned earlier tweet learn covid vaccination adapt evolve france st country give dos vaccine person already covid one injection booster
844,country,NNP,PROPN,davekeating mentioned earlier tweet learn covid vaccination adapt evolve france st country give dos vaccine person already covid one injection booster
845,give,VB,VERB,davekeating mentioned earlier tweet learn covid vaccination adapt evolve france st country give dos vaccine person already covid one injection booster
846,dos,NNS,NOUN,davekeating mentioned earlier tweet learn covid vaccination adapt evolve france st country give dos vaccine person already covid one injection booster
847,vaccine,NN,NOUN,davekeating mentioned earlier tweet learn covid vaccination adapt evolve france st country give dos vaccine person already covid one injection booster
848,person,NN,NOUN,davekeating mentioned earlier tweet learn covid vaccination adapt evolve france st country give dos vaccine person already covid one injection booster
849,already,RB,ADV,davekeating mentioned earlier tweet learn covid vaccination adapt evolve france st country give dos vaccine person already covid one injection booster
850,covid,VB,VERB,davekeating mentioned earlier tweet learn covid vaccination adapt evolve france st country give dos vaccine person already covid one injection booster
851,one,CD,NUM,davekeating mentioned earlier tweet learn covid vaccination adapt evolve france st country give dos vaccine person already covid one injection booster
852,injection,NN,NOUN,davekeating mentioned earlier tweet learn covid vaccination adapt evolve france st country give dos vaccine person already covid one injection booster
853,booster,NN,NOUN,davekeating mentioned earlier tweet learn covid vaccination adapt evolve france st country give dos vaccine person already covid one injection booster
854,az,NNP,PROPN,az scheint gut zu wirken afirst dose bntb vaccine associated vaccine effect covid related hospitalisation day postvaccination vaccine effect time interval chadox vaccine
855,scheint,VBP,VERB,az scheint gut zu wirken afirst dose bntb vaccine associated vaccine effect covid related hospitalisation day postvaccination vaccine effect time interval chadox vaccine
856,gut,NNP,PROPN,az scheint gut zu wirken afirst dose bntb vaccine associated vaccine effect covid related hospitalisation day postvaccination vaccine effect time interval chadox vaccine
857,zu,NNP,PROPN,az scheint gut zu wirken afirst dose bntb vaccine associated vaccine effect covid related hospitalisation day postvaccination vaccine effect time interval chadox vaccine
858,wirken,VBN,VERB,az scheint gut zu wirken afirst dose bntb vaccine associated vaccine effect covid related hospitalisation day postvaccination vaccine effect time interval chadox vaccine
859,afirst,NN,NOUN,az scheint gut zu wirken afirst dose bntb vaccine associated vaccine effect covid related hospitalisation day postvaccination vaccine effect time interval chadox vaccine
860,dose,NNP,PROPN,az scheint gut zu wirken afirst dose bntb vaccine associated vaccine effect covid related hospitalisation day postvaccination vaccine effect time interval chadox vaccine
861,bntb,NNP,PROPN,az scheint gut zu wirken afirst dose bntb vaccine associated vaccine effect covid related hospitalisation day postvaccination vaccine effect time interval chadox vaccine
862,vaccine,NNP,PROPN,az scheint gut zu wirken afirst dose bntb vaccine associated vaccine effect covid related hospitalisation day postvaccination vaccine effect time interval chadox vaccine
863,associated,NNP,PROPN,az scheint gut zu wirken afirst dose bntb vaccine associated vaccine effect covid related hospitalisation day postvaccination vaccine effect time interval chadox vaccine
864,vaccine,NNP,PROPN,az scheint gut zu wirken afirst dose bntb vaccine associated vaccine effect covid related hospitalisation day postvaccination vaccine effect time interval chadox vaccine
865,effect,NN,NOUN,az scheint gut zu wirken afirst dose bntb vaccine associated vaccine effect covid related hospitalisation day postvaccination vaccine effect time interval chadox vaccine
866,covid,JJ,ADJ,az scheint gut zu wirken afirst dose bntb vaccine associated vaccine effect covid related hospitalisation day postvaccination vaccine effect time interval chadox vaccine
867,related,VBN,VERB,az scheint gut zu wirken afirst dose bntb vaccine associated vaccine effect covid related hospitalisation day postvaccination vaccine effect time interval chadox vaccine
868,hospitalisation,NN,NOUN,az scheint gut zu wirken afirst dose bntb vaccine associated vaccine effect covid related hospitalisation day postvaccination vaccine effect time interval chadox vaccine
869,day,NN,NOUN,az scheint gut zu wirken afirst dose bntb vaccine associated vaccine effect covid related hospitalisation day postvaccination vaccine effect time interval chadox vaccine
870,postvaccination,NN,NOUN,az scheint gut zu wirken afirst dose bntb vaccine associated vaccine effect covid related hospitalisation day postvaccination vaccine effect time interval chadox vaccine
871,vaccine,NN,NOUN,az scheint gut zu wirken afirst dose bntb vaccine associated vaccine effect covid related hospitalisation day postvaccination vaccine effect time interval chadox vaccine
872,effect,NN,NOUN,az scheint gut zu wirken afirst dose bntb vaccine associated vaccine effect covid related hospitalisation day postvaccination vaccine effect time interval chadox vaccine
873,time,NN,NOUN,az scheint gut zu wirken afirst dose bntb vaccine associated vaccine effect covid related hospitalisation day postvaccination vaccine effect time interval chadox vaccine
874,interval,NN,NOUN,az scheint gut zu wirken afirst dose bntb vaccine associated vaccine effect covid related hospitalisation day postvaccination vaccine effect time interval chadox vaccine
875,chadox,NNP,PROPN,az scheint gut zu wirken afirst dose bntb vaccine associated vaccine effect covid related hospitalisation day postvaccination vaccine effect time interval chadox vaccine
876,vaccine,NN,NOUN,az scheint gut zu wirken afirst dose bntb vaccine associated vaccine effect covid related hospitalisation day postvaccination vaccine effect time interval chadox vaccine
877,y,NNP,PROPN,y pollys amarach research q concern getting covid vaccine yes female male th january th november
878,pollys,NNS,NOUN,y pollys amarach research q concern getting covid vaccine yes female male th january th november
879,amarach,NNP,PROPN,y pollys amarach research q concern getting covid vaccine yes female male th january th november
880,research,NNP,PROPN,y pollys amarach research q concern getting covid vaccine yes female male th january th november
881,q,NN,NOUN,y pollys amarach research q concern getting covid vaccine yes female male th january th november
882,concern,NN,NOUN,y pollys amarach research q concern getting covid vaccine yes female male th january th november
883,getting,VBG,VERB,y pollys amarach research q concern getting covid vaccine yes female male th january th november
884,covid,JJ,ADJ,y pollys amarach research q concern getting covid vaccine yes female male th january th november
885,vaccine,NN,NOUN,y pollys amarach research q concern getting covid vaccine yes female male th january th november
886,yes,UH,INTJ,y pollys amarach research q concern getting covid vaccine yes female male th january th november
887,female,JJ,ADJ,y pollys amarach research q concern getting covid vaccine yes female male th january th november
888,male,NN,NOUN,y pollys amarach research q concern getting covid vaccine yes female male th january th november
889,th,FW,X,y pollys amarach research q concern getting covid vaccine yes female male th january th november
890,january,NNP,PROPN,y pollys amarach research q concern getting covid vaccine yes female male th january th november
891,th,FW,X,y pollys amarach research q concern getting covid vaccine yes female male th january th november
892,november,NNP,PROPN,y pollys amarach research q concern getting covid vaccine yes female male th january th november
893,get,VB,VERB,get vaccine dangerous unless severe allergy dont dingus wear mask get vaccinated asap high percentage frontline worker refusing take covid vaccine many citing political reason via googlenews
894,vaccine,NN,NOUN,get vaccine dangerous unless severe allergy dont dingus wear mask get vaccinated asap high percentage frontline worker refusing take covid vaccine many citing political reason via googlenews
895,dangerous,JJ,ADJ,get vaccine dangerous unless severe allergy dont dingus wear mask get vaccinated asap high percentage frontline worker refusing take covid vaccine many citing political reason via googlenews
896,unless,IN,SCONJ,get vaccine dangerous unless severe allergy dont dingus wear mask get vaccinated asap high percentage frontline worker refusing take covid vaccine many citing political reason via googlenews
897,severe,JJ,ADJ,get vaccine dangerous unless severe allergy dont dingus wear mask get vaccinated asap high percentage frontline worker refusing take covid vaccine many citing political reason via googlenews
898,allergy,NN,NOUN,get vaccine dangerous unless severe allergy dont dingus wear mask get vaccinated asap high percentage frontline worker refusing take covid vaccine many citing political reason via googlenews
899,do,VBP,AUX,get vaccine dangerous unless severe allergy dont dingus wear mask get vaccinated asap high percentage frontline worker refusing take covid vaccine many citing political reason via googlenews
900,nt,RB,PART,get vaccine dangerous unless severe allergy dont dingus wear mask get vaccinated asap high percentage frontline worker refusing take covid vaccine many citing political reason via googlenews
901,dingus,VB,VERB,get vaccine dangerous unless severe allergy dont dingus wear mask get vaccinated asap high percentage frontline worker refusing take covid vaccine many citing political reason via googlenews
902,wear,NN,NOUN,get vaccine dangerous unless severe allergy dont dingus wear mask get vaccinated asap high percentage frontline worker refusing take covid vaccine many citing political reason via googlenews
903,mask,NN,NOUN,get vaccine dangerous unless severe allergy dont dingus wear mask get vaccinated asap high percentage frontline worker refusing take covid vaccine many citing political reason via googlenews
904,get,VB,AUX,get vaccine dangerous unless severe allergy dont dingus wear mask get vaccinated asap high percentage frontline worker refusing take covid vaccine many citing political reason via googlenews
905,vaccinated,VBN,VERB,get vaccine dangerous unless severe allergy dont dingus wear mask get vaccinated asap high percentage frontline worker refusing take covid vaccine many citing political reason via googlenews
906,asap,NNP,PROPN,get vaccine dangerous unless severe allergy dont dingus wear mask get vaccinated asap high percentage frontline worker refusing take covid vaccine many citing political reason via googlenews
907,high,JJ,ADJ,get vaccine dangerous unless severe allergy dont dingus wear mask get vaccinated asap high percentage frontline worker refusing take covid vaccine many citing political reason via googlenews
908,percentage,NN,NOUN,get vaccine dangerous unless severe allergy dont dingus wear mask get vaccinated asap high percentage frontline worker refusing take covid vaccine many citing political reason via googlenews
909,frontline,NN,NOUN,get vaccine dangerous unless severe allergy dont dingus wear mask get vaccinated asap high percentage frontline worker refusing take covid vaccine many citing political reason via googlenews
910,worker,NN,NOUN,get vaccine dangerous unless severe allergy dont dingus wear mask get vaccinated asap high percentage frontline worker refusing take covid vaccine many citing political reason via googlenews
911,refusing,VBG,VERB,get vaccine dangerous unless severe allergy dont dingus wear mask get vaccinated asap high percentage frontline worker refusing take covid vaccine many citing political reason via googlenews
912,take,VB,VERB,get vaccine dangerous unless severe allergy dont dingus wear mask get vaccinated asap high percentage frontline worker refusing take covid vaccine many citing political reason via googlenews
913,covid,JJ,ADJ,get vaccine dangerous unless severe allergy dont dingus wear mask get vaccinated asap high percentage frontline worker refusing take covid vaccine many citing political reason via googlenews
914,vaccine,NN,NOUN,get vaccine dangerous unless severe allergy dont dingus wear mask get vaccinated asap high percentage frontline worker refusing take covid vaccine many citing political reason via googlenews
915,many,JJ,ADJ,get vaccine dangerous unless severe allergy dont dingus wear mask get vaccinated asap high percentage frontline worker refusing take covid vaccine many citing political reason via googlenews
916,citing,VBG,VERB,get vaccine dangerous unless severe allergy dont dingus wear mask get vaccinated asap high percentage frontline worker refusing take covid vaccine many citing political reason via googlenews
917,political,JJ,ADJ,get vaccine dangerous unless severe allergy dont dingus wear mask get vaccinated asap high percentage frontline worker refusing take covid vaccine many citing political reason via googlenews
918,reason,NN,NOUN,get vaccine dangerous unless severe allergy dont dingus wear mask get vaccinated asap high percentage frontline worker refusing take covid vaccine many citing political reason via googlenews
919,via,IN,ADP,get vaccine dangerous unless severe allergy dont dingus wear mask get vaccinated asap high percentage frontline worker refusing take covid vaccine many citing political reason via googlenews
920,googlenews,NNS,NOUN,get vaccine dangerous unless severe allergy dont dingus wear mask get vaccinated asap high percentage frontline worker refusing take covid vaccine many citing political reason via googlenews
921,pfizer,NN,NOUN,pfizer test booster shot develop adapted vaccine address variant concern covid_ coronavirus
922,test,NN,NOUN,pfizer test booster shot develop adapted vaccine address variant concern covid_ coronavirus
923,booster,NN,NOUN,pfizer test booster shot develop adapted vaccine address variant concern covid_ coronavirus
924,shot,VBD,VERB,pfizer test booster shot develop adapted vaccine address variant concern covid_ coronavirus
925,develop,VB,VERB,pfizer test booster shot develop adapted vaccine address variant concern covid_ coronavirus
926,adapted,VBN,VERB,pfizer test booster shot develop adapted vaccine address variant concern covid_ coronavirus
927,vaccine,NN,NOUN,pfizer test booster shot develop adapted vaccine address variant concern covid_ coronavirus
928,address,NN,NOUN,pfizer test booster shot develop adapted vaccine address variant concern covid_ coronavirus
929,variant,JJ,ADJ,pfizer test booster shot develop adapted vaccine address variant concern covid_ coronavirus
930,concern,NN,NOUN,pfizer test booster shot develop adapted vaccine address variant concern covid_ coronavirus
931,covid,NNP,PROPN,pfizer test booster shot develop adapted vaccine address variant concern covid_ coronavirus
932,_,NNP,PROPN,pfizer test booster shot develop adapted vaccine address variant concern covid_ coronavirus
933,coronavirus,NNP,PROPN,pfizer test booster shot develop adapted vaccine address variant concern covid_ coronavirus
934,join,VB,VERB,join u informative session dr kubi covid vaccine safe effective detail follow kubimedical kubiweightloss weightlossjourney
935,u,NNP,PROPN,join u informative session dr kubi covid vaccine safe effective detail follow kubimedical kubiweightloss weightlossjourney
936,informative,JJ,ADJ,join u informative session dr kubi covid vaccine safe effective detail follow kubimedical kubiweightloss weightlossjourney
937,session,NN,NOUN,join u informative session dr kubi covid vaccine safe effective detail follow kubimedical kubiweightloss weightlossjourney
938,dr,NNP,PROPN,join u informative session dr kubi covid vaccine safe effective detail follow kubimedical kubiweightloss weightlossjourney
939,kubi,RB,ADV,join u informative session dr kubi covid vaccine safe effective detail follow kubimedical kubiweightloss weightlossjourney
940,covid,NNP,PROPN,join u informative session dr kubi covid vaccine safe effective detail follow kubimedical kubiweightloss weightlossjourney
941,vaccine,NN,NOUN,join u informative session dr kubi covid vaccine safe effective detail follow kubimedical kubiweightloss weightlossjourney
942,safe,JJ,ADJ,join u informative session dr kubi covid vaccine safe effective detail follow kubimedical kubiweightloss weightlossjourney
943,effective,JJ,ADJ,join u informative session dr kubi covid vaccine safe effective detail follow kubimedical kubiweightloss weightlossjourney
944,detail,NN,NOUN,join u informative session dr kubi covid vaccine safe effective detail follow kubimedical kubiweightloss weightlossjourney
945,follow,NN,NOUN,join u informative session dr kubi covid vaccine safe effective detail follow kubimedical kubiweightloss weightlossjourney
946,kubimedical,NNP,PROPN,join u informative session dr kubi covid vaccine safe effective detail follow kubimedical kubiweightloss weightlossjourney
947,kubiweightloss,NN,NOUN,join u informative session dr kubi covid vaccine safe effective detail follow kubimedical kubiweightloss weightlossjourney
948,weightlossjourney,NN,NOUN,join u informative session dr kubi covid vaccine safe effective detail follow kubimedical kubiweightloss weightlossjourney
949,johnwcurtis,NNP,PROPN,johnwcurtis wonder mutation permitting vaccine facilitates herdimmunity time enough people immunised andor caught covid survived herdimmunity policy posited last year without vaccineextant societal immunity dangerous nonsense
950,wonder,NNP,PROPN,johnwcurtis wonder mutation permitting vaccine facilitates herdimmunity time enough people immunised andor caught covid survived herdimmunity policy posited last year without vaccineextant societal immunity dangerous nonsense
951,mutation,NNP,PROPN,johnwcurtis wonder mutation permitting vaccine facilitates herdimmunity time enough people immunised andor caught covid survived herdimmunity policy posited last year without vaccineextant societal immunity dangerous nonsense
952,permitting,VBG,VERB,johnwcurtis wonder mutation permitting vaccine facilitates herdimmunity time enough people immunised andor caught covid survived herdimmunity policy posited last year without vaccineextant societal immunity dangerous nonsense
953,vaccine,NN,NOUN,johnwcurtis wonder mutation permitting vaccine facilitates herdimmunity time enough people immunised andor caught covid survived herdimmunity policy posited last year without vaccineextant societal immunity dangerous nonsense
954,facilitates,VBZ,VERB,johnwcurtis wonder mutation permitting vaccine facilitates herdimmunity time enough people immunised andor caught covid survived herdimmunity policy posited last year without vaccineextant societal immunity dangerous nonsense
955,herdimmunity,NN,NOUN,johnwcurtis wonder mutation permitting vaccine facilitates herdimmunity time enough people immunised andor caught covid survived herdimmunity policy posited last year without vaccineextant societal immunity dangerous nonsense
956,time,NN,NOUN,johnwcurtis wonder mutation permitting vaccine facilitates herdimmunity time enough people immunised andor caught covid survived herdimmunity policy posited last year without vaccineextant societal immunity dangerous nonsense
957,enough,JJ,ADJ,johnwcurtis wonder mutation permitting vaccine facilitates herdimmunity time enough people immunised andor caught covid survived herdimmunity policy posited last year without vaccineextant societal immunity dangerous nonsense
958,people,NNS,NOUN,johnwcurtis wonder mutation permitting vaccine facilitates herdimmunity time enough people immunised andor caught covid survived herdimmunity policy posited last year without vaccineextant societal immunity dangerous nonsense
959,immunised,VBD,VERB,johnwcurtis wonder mutation permitting vaccine facilitates herdimmunity time enough people immunised andor caught covid survived herdimmunity policy posited last year without vaccineextant societal immunity dangerous nonsense
960,andor,NNP,PROPN,johnwcurtis wonder mutation permitting vaccine facilitates herdimmunity time enough people immunised andor caught covid survived herdimmunity policy posited last year without vaccineextant societal immunity dangerous nonsense
961,caught,VBD,VERB,johnwcurtis wonder mutation permitting vaccine facilitates herdimmunity time enough people immunised andor caught covid survived herdimmunity policy posited last year without vaccineextant societal immunity dangerous nonsense
962,covid,JJ,ADJ,johnwcurtis wonder mutation permitting vaccine facilitates herdimmunity time enough people immunised andor caught covid survived herdimmunity policy posited last year without vaccineextant societal immunity dangerous nonsense
963,survived,VBN,VERB,johnwcurtis wonder mutation permitting vaccine facilitates herdimmunity time enough people immunised andor caught covid survived herdimmunity policy posited last year without vaccineextant societal immunity dangerous nonsense
964,herdimmunity,NN,NOUN,johnwcurtis wonder mutation permitting vaccine facilitates herdimmunity time enough people immunised andor caught covid survived herdimmunity policy posited last year without vaccineextant societal immunity dangerous nonsense
965,policy,NN,NOUN,johnwcurtis wonder mutation permitting vaccine facilitates herdimmunity time enough people immunised andor caught covid survived herdimmunity policy posited last year without vaccineextant societal immunity dangerous nonsense
966,posited,VBD,VERB,johnwcurtis wonder mutation permitting vaccine facilitates herdimmunity time enough people immunised andor caught covid survived herdimmunity policy posited last year without vaccineextant societal immunity dangerous nonsense
967,last,JJ,ADJ,johnwcurtis wonder mutation permitting vaccine facilitates herdimmunity time enough people immunised andor caught covid survived herdimmunity policy posited last year without vaccineextant societal immunity dangerous nonsense
968,year,NN,NOUN,johnwcurtis wonder mutation permitting vaccine facilitates herdimmunity time enough people immunised andor caught covid survived herdimmunity policy posited last year without vaccineextant societal immunity dangerous nonsense
969,without,IN,ADP,johnwcurtis wonder mutation permitting vaccine facilitates herdimmunity time enough people immunised andor caught covid survived herdimmunity policy posited last year without vaccineextant societal immunity dangerous nonsense
970,vaccineextant,NNP,PROPN,johnwcurtis wonder mutation permitting vaccine facilitates herdimmunity time enough people immunised andor caught covid survived herdimmunity policy posited last year without vaccineextant societal immunity dangerous nonsense
971,societal,JJ,ADJ,johnwcurtis wonder mutation permitting vaccine facilitates herdimmunity time enough people immunised andor caught covid survived herdimmunity policy posited last year without vaccineextant societal immunity dangerous nonsense
972,immunity,NN,NOUN,johnwcurtis wonder mutation permitting vaccine facilitates herdimmunity time enough people immunised andor caught covid survived herdimmunity policy posited last year without vaccineextant societal immunity dangerous nonsense
973,dangerous,JJ,ADJ,johnwcurtis wonder mutation permitting vaccine facilitates herdimmunity time enough people immunised andor caught covid survived herdimmunity policy posited last year without vaccineextant societal immunity dangerous nonsense
974,nonsense,NN,NOUN,johnwcurtis wonder mutation permitting vaccine facilitates herdimmunity time enough people immunised andor caught covid survived herdimmunity policy posited last year without vaccineextant societal immunity dangerous nonsense
975,novavax,NNP,PROPN,novavax covid vaccine demonstrates efficacy ina uk phase trial novavax inc ir site acityofresearcha led way absolutely delighted news adocjohnwrighta
976,covid,NNP,PROPN,novavax covid vaccine demonstrates efficacy ina uk phase trial novavax inc ir site acityofresearcha led way absolutely delighted news adocjohnwrighta
977,vaccine,NNP,PROPN,novavax covid vaccine demonstrates efficacy ina uk phase trial novavax inc ir site acityofresearcha led way absolutely delighted news adocjohnwrighta
978,demonstrates,VBZ,VERB,novavax covid vaccine demonstrates efficacy ina uk phase trial novavax inc ir site acityofresearcha led way absolutely delighted news adocjohnwrighta
979,efficacy,NNP,PROPN,novavax covid vaccine demonstrates efficacy ina uk phase trial novavax inc ir site acityofresearcha led way absolutely delighted news adocjohnwrighta
980,ina,NNP,PROPN,novavax covid vaccine demonstrates efficacy ina uk phase trial novavax inc ir site acityofresearcha led way absolutely delighted news adocjohnwrighta
981,uk,NNP,PROPN,novavax covid vaccine demonstrates efficacy ina uk phase trial novavax inc ir site acityofresearcha led way absolutely delighted news adocjohnwrighta
982,phase,NN,NOUN,novavax covid vaccine demonstrates efficacy ina uk phase trial novavax inc ir site acityofresearcha led way absolutely delighted news adocjohnwrighta
983,trial,NN,NOUN,novavax covid vaccine demonstrates efficacy ina uk phase trial novavax inc ir site acityofresearcha led way absolutely delighted news adocjohnwrighta
984,novavax,NNP,PROPN,novavax covid vaccine demonstrates efficacy ina uk phase trial novavax inc ir site acityofresearcha led way absolutely delighted news adocjohnwrighta
985,inc,NNP,PROPN,novavax covid vaccine demonstrates efficacy ina uk phase trial novavax inc ir site acityofresearcha led way absolutely delighted news adocjohnwrighta
986,ir,NNP,PROPN,novavax covid vaccine demonstrates efficacy ina uk phase trial novavax inc ir site acityofresearcha led way absolutely delighted news adocjohnwrighta
987,site,NN,NOUN,novavax covid vaccine demonstrates efficacy ina uk phase trial novavax inc ir site acityofresearcha led way absolutely delighted news adocjohnwrighta
988,acityofresearcha,RB,ADV,novavax covid vaccine demonstrates efficacy ina uk phase trial novavax inc ir site acityofresearcha led way absolutely delighted news adocjohnwrighta
989,led,VBN,VERB,novavax covid vaccine demonstrates efficacy ina uk phase trial novavax inc ir site acityofresearcha led way absolutely delighted news adocjohnwrighta
990,way,NN,NOUN,novavax covid vaccine demonstrates efficacy ina uk phase trial novavax inc ir site acityofresearcha led way absolutely delighted news adocjohnwrighta
991,absolutely,RB,ADV,novavax covid vaccine demonstrates efficacy ina uk phase trial novavax inc ir site acityofresearcha led way absolutely delighted news adocjohnwrighta
992,delighted,JJ,ADJ,novavax covid vaccine demonstrates efficacy ina uk phase trial novavax inc ir site acityofresearcha led way absolutely delighted news adocjohnwrighta
993,news,NN,NOUN,novavax covid vaccine demonstrates efficacy ina uk phase trial novavax inc ir site acityofresearcha led way absolutely delighted news adocjohnwrighta
994,adocjohnwrighta,NNS,NOUN,novavax covid vaccine demonstrates efficacy ina uk phase trial novavax inc ir site acityofresearcha led way absolutely delighted news adocjohnwrighta
995,involved,VBN,VERB,involved government agency communication join u communicator coffee chat fri dec theme covid vaccine insight challenge best practice dm addl info agencywork govit communitybuilding eventsprofs govmil email address reqd
996,government,NN,NOUN,involved government agency communication join u communicator coffee chat fri dec theme covid vaccine insight challenge best practice dm addl info agencywork govit communitybuilding eventsprofs govmil email address reqd
997,agency,NN,NOUN,involved government agency communication join u communicator coffee chat fri dec theme covid vaccine insight challenge best practice dm addl info agencywork govit communitybuilding eventsprofs govmil email address reqd
998,communication,NN,NOUN,involved government agency communication join u communicator coffee chat fri dec theme covid vaccine insight challenge best practice dm addl info agencywork govit communitybuilding eventsprofs govmil email address reqd
999,join,VBP,VERB,involved government agency communication join u communicator coffee chat fri dec theme covid vaccine insight challenge best practice dm addl info agencywork govit communitybuilding eventsprofs govmil email address reqd
1000,u,NNP,PROPN,involved government agency communication join u communicator coffee chat fri dec theme covid vaccine insight challenge best practice dm addl info agencywork govit communitybuilding eventsprofs govmil email address reqd
1001,communicator,NN,NOUN,involved government agency communication join u communicator coffee chat fri dec theme covid vaccine insight challenge best practice dm addl info agencywork govit communitybuilding eventsprofs govmil email address reqd
1002,coffee,NN,NOUN,involved government agency communication join u communicator coffee chat fri dec theme covid vaccine insight challenge best practice dm addl info agencywork govit communitybuilding eventsprofs govmil email address reqd
1003,chat,VBP,VERB,involved government agency communication join u communicator coffee chat fri dec theme covid vaccine insight challenge best practice dm addl info agencywork govit communitybuilding eventsprofs govmil email address reqd
1004,fri,JJ,ADJ,involved government agency communication join u communicator coffee chat fri dec theme covid vaccine insight challenge best practice dm addl info agencywork govit communitybuilding eventsprofs govmil email address reqd
1005,dec,NNP,PROPN,involved government agency communication join u communicator coffee chat fri dec theme covid vaccine insight challenge best practice dm addl info agencywork govit communitybuilding eventsprofs govmil email address reqd
1006,theme,NN,NOUN,involved government agency communication join u communicator coffee chat fri dec theme covid vaccine insight challenge best practice dm addl info agencywork govit communitybuilding eventsprofs govmil email address reqd
1007,covid,NNP,PROPN,involved government agency communication join u communicator coffee chat fri dec theme covid vaccine insight challenge best practice dm addl info agencywork govit communitybuilding eventsprofs govmil email address reqd
1008,vaccine,NN,NOUN,involved government agency communication join u communicator coffee chat fri dec theme covid vaccine insight challenge best practice dm addl info agencywork govit communitybuilding eventsprofs govmil email address reqd
1009,insight,NN,NOUN,involved government agency communication join u communicator coffee chat fri dec theme covid vaccine insight challenge best practice dm addl info agencywork govit communitybuilding eventsprofs govmil email address reqd
1010,challenge,NN,NOUN,involved government agency communication join u communicator coffee chat fri dec theme covid vaccine insight challenge best practice dm addl info agencywork govit communitybuilding eventsprofs govmil email address reqd
1011,best,JJS,ADJ,involved government agency communication join u communicator coffee chat fri dec theme covid vaccine insight challenge best practice dm addl info agencywork govit communitybuilding eventsprofs govmil email address reqd
1012,practice,NN,NOUN,involved government agency communication join u communicator coffee chat fri dec theme covid vaccine insight challenge best practice dm addl info agencywork govit communitybuilding eventsprofs govmil email address reqd
1013,dm,NNP,PROPN,involved government agency communication join u communicator coffee chat fri dec theme covid vaccine insight challenge best practice dm addl info agencywork govit communitybuilding eventsprofs govmil email address reqd
1014,addl,JJ,ADJ,involved government agency communication join u communicator coffee chat fri dec theme covid vaccine insight challenge best practice dm addl info agencywork govit communitybuilding eventsprofs govmil email address reqd
1015,info,NN,NOUN,involved government agency communication join u communicator coffee chat fri dec theme covid vaccine insight challenge best practice dm addl info agencywork govit communitybuilding eventsprofs govmil email address reqd
1016,agencywork,NNP,PROPN,involved government agency communication join u communicator coffee chat fri dec theme covid vaccine insight challenge best practice dm addl info agencywork govit communitybuilding eventsprofs govmil email address reqd
1017,govit,NN,NOUN,involved government agency communication join u communicator coffee chat fri dec theme covid vaccine insight challenge best practice dm addl info agencywork govit communitybuilding eventsprofs govmil email address reqd
1018,communitybuilding,VBG,VERB,involved government agency communication join u communicator coffee chat fri dec theme covid vaccine insight challenge best practice dm addl info agencywork govit communitybuilding eventsprofs govmil email address reqd
1019,eventsprofs,NNS,NOUN,involved government agency communication join u communicator coffee chat fri dec theme covid vaccine insight challenge best practice dm addl info agencywork govit communitybuilding eventsprofs govmil email address reqd
1020,govmil,JJ,ADJ,involved government agency communication join u communicator coffee chat fri dec theme covid vaccine insight challenge best practice dm addl info agencywork govit communitybuilding eventsprofs govmil email address reqd
1021,email,NN,NOUN,involved government agency communication join u communicator coffee chat fri dec theme covid vaccine insight challenge best practice dm addl info agencywork govit communitybuilding eventsprofs govmil email address reqd
1022,address,NN,NOUN,involved government agency communication join u communicator coffee chat fri dec theme covid vaccine insight challenge best practice dm addl info agencywork govit communitybuilding eventsprofs govmil email address reqd
1023,reqd,NN,NOUN,involved government agency communication join u communicator coffee chat fri dec theme covid vaccine insight challenge best practice dm addl info agencywork govit communitybuilding eventsprofs govmil email address reqd
1024,citynews,NNP,PROPN,citynews unacceptable understand need certain vaccination rushed thoroughly tested version forced anyone threat repercussion know side effect vaccine could bad worse covid
1025,unacceptable,JJ,ADJ,citynews unacceptable understand need certain vaccination rushed thoroughly tested version forced anyone threat repercussion know side effect vaccine could bad worse covid
1026,understand,NN,NOUN,citynews unacceptable understand need certain vaccination rushed thoroughly tested version forced anyone threat repercussion know side effect vaccine could bad worse covid
1027,need,VBP,VERB,citynews unacceptable understand need certain vaccination rushed thoroughly tested version forced anyone threat repercussion know side effect vaccine could bad worse covid
1028,certain,JJ,ADJ,citynews unacceptable understand need certain vaccination rushed thoroughly tested version forced anyone threat repercussion know side effect vaccine could bad worse covid
1029,vaccination,NN,NOUN,citynews unacceptable understand need certain vaccination rushed thoroughly tested version forced anyone threat repercussion know side effect vaccine could bad worse covid
1030,rushed,VBN,VERB,citynews unacceptable understand need certain vaccination rushed thoroughly tested version forced anyone threat repercussion know side effect vaccine could bad worse covid
1031,thoroughly,RB,ADV,citynews unacceptable understand need certain vaccination rushed thoroughly tested version forced anyone threat repercussion know side effect vaccine could bad worse covid
1032,tested,VBN,VERB,citynews unacceptable understand need certain vaccination rushed thoroughly tested version forced anyone threat repercussion know side effect vaccine could bad worse covid
1033,version,NN,NOUN,citynews unacceptable understand need certain vaccination rushed thoroughly tested version forced anyone threat repercussion know side effect vaccine could bad worse covid
1034,forced,VBD,VERB,citynews unacceptable understand need certain vaccination rushed thoroughly tested version forced anyone threat repercussion know side effect vaccine could bad worse covid
1035,anyone,NN,PRON,citynews unacceptable understand need certain vaccination rushed thoroughly tested version forced anyone threat repercussion know side effect vaccine could bad worse covid
1036,threat,NN,NOUN,citynews unacceptable understand need certain vaccination rushed thoroughly tested version forced anyone threat repercussion know side effect vaccine could bad worse covid
1037,repercussion,NN,NOUN,citynews unacceptable understand need certain vaccination rushed thoroughly tested version forced anyone threat repercussion know side effect vaccine could bad worse covid
1038,know,VBP,VERB,citynews unacceptable understand need certain vaccination rushed thoroughly tested version forced anyone threat repercussion know side effect vaccine could bad worse covid
1039,side,NN,NOUN,citynews unacceptable understand need certain vaccination rushed thoroughly tested version forced anyone threat repercussion know side effect vaccine could bad worse covid
1040,effect,NN,NOUN,citynews unacceptable understand need certain vaccination rushed thoroughly tested version forced anyone threat repercussion know side effect vaccine could bad worse covid
1041,vaccine,NN,NOUN,citynews unacceptable understand need certain vaccination rushed thoroughly tested version forced anyone threat repercussion know side effect vaccine could bad worse covid
1042,could,MD,AUX,citynews unacceptable understand need certain vaccination rushed thoroughly tested version forced anyone threat repercussion know side effect vaccine could bad worse covid
1043,bad,VB,VERB,citynews unacceptable understand need certain vaccination rushed thoroughly tested version forced anyone threat repercussion know side effect vaccine could bad worse covid
1044,worse,JJR,ADJ,citynews unacceptable understand need certain vaccination rushed thoroughly tested version forced anyone threat repercussion know side effect vaccine could bad worse covid
1045,covid,NN,NOUN,citynews unacceptable understand need certain vaccination rushed thoroughly tested version forced anyone threat repercussion know side effect vaccine could bad worse covid
1046,covid,NNP,PROPN,covid vaccine fake donatmt take
1047,vaccine,NN,NOUN,covid vaccine fake donatmt take
1048,fake,JJ,ADJ,covid vaccine fake donatmt take
1049,donatmt,NNS,NOUN,covid vaccine fake donatmt take
1050,take,VB,VERB,covid vaccine fake donatmt take
1051,vaccine,NN,NOUN,vaccine common cold researched decade vaccine vaccine flu reserched decade never sure flu vacc apply vaccine covid researched tested ready rolloutwithin month
1052,common,JJ,ADJ,vaccine common cold researched decade vaccine vaccine flu reserched decade never sure flu vacc apply vaccine covid researched tested ready rolloutwithin month
1053,cold,JJ,ADJ,vaccine common cold researched decade vaccine vaccine flu reserched decade never sure flu vacc apply vaccine covid researched tested ready rolloutwithin month
1054,researched,VBN,VERB,vaccine common cold researched decade vaccine vaccine flu reserched decade never sure flu vacc apply vaccine covid researched tested ready rolloutwithin month
1055,decade,NN,NOUN,vaccine common cold researched decade vaccine vaccine flu reserched decade never sure flu vacc apply vaccine covid researched tested ready rolloutwithin month
1056,vaccine,NN,NOUN,vaccine common cold researched decade vaccine vaccine flu reserched decade never sure flu vacc apply vaccine covid researched tested ready rolloutwithin month
1057,vaccine,NN,NOUN,vaccine common cold researched decade vaccine vaccine flu reserched decade never sure flu vacc apply vaccine covid researched tested ready rolloutwithin month
1058,flu,NN,NOUN,vaccine common cold researched decade vaccine vaccine flu reserched decade never sure flu vacc apply vaccine covid researched tested ready rolloutwithin month
1059,reserched,VBN,VERB,vaccine common cold researched decade vaccine vaccine flu reserched decade never sure flu vacc apply vaccine covid researched tested ready rolloutwithin month
1060,decade,NN,NOUN,vaccine common cold researched decade vaccine vaccine flu reserched decade never sure flu vacc apply vaccine covid researched tested ready rolloutwithin month
1061,never,RB,ADV,vaccine common cold researched decade vaccine vaccine flu reserched decade never sure flu vacc apply vaccine covid researched tested ready rolloutwithin month
1062,sure,RB,ADV,vaccine common cold researched decade vaccine vaccine flu reserched decade never sure flu vacc apply vaccine covid researched tested ready rolloutwithin month
1063,flu,VB,VERB,vaccine common cold researched decade vaccine vaccine flu reserched decade never sure flu vacc apply vaccine covid researched tested ready rolloutwithin month
1064,vacc,NNP,PROPN,vaccine common cold researched decade vaccine vaccine flu reserched decade never sure flu vacc apply vaccine covid researched tested ready rolloutwithin month
1065,apply,VB,VERB,vaccine common cold researched decade vaccine vaccine flu reserched decade never sure flu vacc apply vaccine covid researched tested ready rolloutwithin month
1066,vaccine,NN,NOUN,vaccine common cold researched decade vaccine vaccine flu reserched decade never sure flu vacc apply vaccine covid researched tested ready rolloutwithin month
1067,covid,NNP,PROPN,vaccine common cold researched decade vaccine vaccine flu reserched decade never sure flu vacc apply vaccine covid researched tested ready rolloutwithin month
1068,researched,VBD,VERB,vaccine common cold researched decade vaccine vaccine flu reserched decade never sure flu vacc apply vaccine covid researched tested ready rolloutwithin month
1069,tested,VBD,VERB,vaccine common cold researched decade vaccine vaccine flu reserched decade never sure flu vacc apply vaccine covid researched tested ready rolloutwithin month
1070,ready,JJ,ADJ,vaccine common cold researched decade vaccine vaccine flu reserched decade never sure flu vacc apply vaccine covid researched tested ready rolloutwithin month
1071,rolloutwithin,JJ,ADJ,vaccine common cold researched decade vaccine vaccine flu reserched decade never sure flu vacc apply vaccine covid researched tested ready rolloutwithin month
1072,month,NN,NOUN,vaccine common cold researched decade vaccine vaccine flu reserched decade never sure flu vacc apply vaccine covid researched tested ready rolloutwithin month
1073,different,JJ,ADJ,different efficacy data chinese covid vaccine real validmedia yahoo news
1074,efficacy,NN,NOUN,different efficacy data chinese covid vaccine real validmedia yahoo news
1075,data,NNS,NOUN,different efficacy data chinese covid vaccine real validmedia yahoo news
1076,chinese,NNP,PROPN,different efficacy data chinese covid vaccine real validmedia yahoo news
1077,covid,NNP,PROPN,different efficacy data chinese covid vaccine real validmedia yahoo news
1078,vaccine,NNP,PROPN,different efficacy data chinese covid vaccine real validmedia yahoo news
1079,real,NNP,PROPN,different efficacy data chinese covid vaccine real validmedia yahoo news
1080,validmedia,NNP,PROPN,different efficacy data chinese covid vaccine real validmedia yahoo news
1081,yahoo,NNP,PROPN,different efficacy data chinese covid vaccine real validmedia yahoo news
1082,news,NNP,PROPN,different efficacy data chinese covid vaccine real validmedia yahoo news
1083,december,NNP,PROPN,december united state seen six case anaphylaxis among people received covid vaccine according recent presentation thomas clark u center disease control prevention cdc united kingdom recorded two
1084,united,NNP,PROPN,december united state seen six case anaphylaxis among people received covid vaccine according recent presentation thomas clark u center disease control prevention cdc united kingdom recorded two
1085,state,NNP,PROPN,december united state seen six case anaphylaxis among people received covid vaccine according recent presentation thomas clark u center disease control prevention cdc united kingdom recorded two
1086,seen,VBN,VERB,december united state seen six case anaphylaxis among people received covid vaccine according recent presentation thomas clark u center disease control prevention cdc united kingdom recorded two
1087,six,CD,NUM,december united state seen six case anaphylaxis among people received covid vaccine according recent presentation thomas clark u center disease control prevention cdc united kingdom recorded two
1088,case,NN,NOUN,december united state seen six case anaphylaxis among people received covid vaccine according recent presentation thomas clark u center disease control prevention cdc united kingdom recorded two
1089,anaphylaxis,NN,NOUN,december united state seen six case anaphylaxis among people received covid vaccine according recent presentation thomas clark u center disease control prevention cdc united kingdom recorded two
1090,among,IN,ADP,december united state seen six case anaphylaxis among people received covid vaccine according recent presentation thomas clark u center disease control prevention cdc united kingdom recorded two
1091,people,NNS,NOUN,december united state seen six case anaphylaxis among people received covid vaccine according recent presentation thomas clark u center disease control prevention cdc united kingdom recorded two
1092,received,VBD,VERB,december united state seen six case anaphylaxis among people received covid vaccine according recent presentation thomas clark u center disease control prevention cdc united kingdom recorded two
1093,covid,JJ,ADJ,december united state seen six case anaphylaxis among people received covid vaccine according recent presentation thomas clark u center disease control prevention cdc united kingdom recorded two
1094,vaccine,NN,NOUN,december united state seen six case anaphylaxis among people received covid vaccine according recent presentation thomas clark u center disease control prevention cdc united kingdom recorded two
1095,according,VBG,VERB,december united state seen six case anaphylaxis among people received covid vaccine according recent presentation thomas clark u center disease control prevention cdc united kingdom recorded two
1096,recent,JJ,ADJ,december united state seen six case anaphylaxis among people received covid vaccine according recent presentation thomas clark u center disease control prevention cdc united kingdom recorded two
1097,presentation,NN,NOUN,december united state seen six case anaphylaxis among people received covid vaccine according recent presentation thomas clark u center disease control prevention cdc united kingdom recorded two
1098,thomas,NNP,PROPN,december united state seen six case anaphylaxis among people received covid vaccine according recent presentation thomas clark u center disease control prevention cdc united kingdom recorded two
1099,clark,NNP,PROPN,december united state seen six case anaphylaxis among people received covid vaccine according recent presentation thomas clark u center disease control prevention cdc united kingdom recorded two
1100,u,NNP,PROPN,december united state seen six case anaphylaxis among people received covid vaccine according recent presentation thomas clark u center disease control prevention cdc united kingdom recorded two
1101,center,NNP,PROPN,december united state seen six case anaphylaxis among people received covid vaccine according recent presentation thomas clark u center disease control prevention cdc united kingdom recorded two
1102,disease,NN,NOUN,december united state seen six case anaphylaxis among people received covid vaccine according recent presentation thomas clark u center disease control prevention cdc united kingdom recorded two
1103,control,NNP,PROPN,december united state seen six case anaphylaxis among people received covid vaccine according recent presentation thomas clark u center disease control prevention cdc united kingdom recorded two
1104,prevention,NNP,PROPN,december united state seen six case anaphylaxis among people received covid vaccine according recent presentation thomas clark u center disease control prevention cdc united kingdom recorded two
1105,cdc,NNP,PROPN,december united state seen six case anaphylaxis among people received covid vaccine according recent presentation thomas clark u center disease control prevention cdc united kingdom recorded two
1106,united,NNP,PROPN,december united state seen six case anaphylaxis among people received covid vaccine according recent presentation thomas clark u center disease control prevention cdc united kingdom recorded two
1107,kingdom,NNP,PROPN,december united state seen six case anaphylaxis among people received covid vaccine according recent presentation thomas clark u center disease control prevention cdc united kingdom recorded two
1108,recorded,VBD,VERB,december united state seen six case anaphylaxis among people received covid vaccine according recent presentation thomas clark u center disease control prevention cdc united kingdom recorded two
1109,two,CD,NUM,december united state seen six case anaphylaxis among people received covid vaccine according recent presentation thomas clark u center disease control prevention cdc united kingdom recorded two
1110,top,JJ,ADJ,top epidemiologist urge single dos covid vaccine foxnews
1111,epidemiologist,NN,NOUN,top epidemiologist urge single dos covid vaccine foxnews
1112,urge,NN,NOUN,top epidemiologist urge single dos covid vaccine foxnews
1113,single,JJ,ADJ,top epidemiologist urge single dos covid vaccine foxnews
1114,dos,NNP,PROPN,top epidemiologist urge single dos covid vaccine foxnews
1115,covid,NNP,PROPN,top epidemiologist urge single dos covid vaccine foxnews
1116,vaccine,NN,NOUN,top epidemiologist urge single dos covid vaccine foxnews
1117,foxnews,NNS,NOUN,top epidemiologist urge single dos covid vaccine foxnews
1118,brazilian,JJ,ADJ,brazilian health regulator anvisa said chinese health authority transparent experimental covid vaccine
1119,health,NNP,PROPN,brazilian health regulator anvisa said chinese health authority transparent experimental covid vaccine
1120,regulator,NN,NOUN,brazilian health regulator anvisa said chinese health authority transparent experimental covid vaccine
1121,anvisa,NNP,PROPN,brazilian health regulator anvisa said chinese health authority transparent experimental covid vaccine
1122,said,VBD,VERB,brazilian health regulator anvisa said chinese health authority transparent experimental covid vaccine
1123,chinese,NNP,PROPN,brazilian health regulator anvisa said chinese health authority transparent experimental covid vaccine
1124,health,NNP,PROPN,brazilian health regulator anvisa said chinese health authority transparent experimental covid vaccine
1125,authority,NNP,PROPN,brazilian health regulator anvisa said chinese health authority transparent experimental covid vaccine
1126,transparent,VBP,VERB,brazilian health regulator anvisa said chinese health authority transparent experimental covid vaccine
1127,experimental,JJ,ADJ,brazilian health regulator anvisa said chinese health authority transparent experimental covid vaccine
1128,covid,JJ,ADJ,brazilian health regulator anvisa said chinese health authority transparent experimental covid vaccine
1129,vaccine,NN,NOUN,brazilian health regulator anvisa said chinese health authority transparent experimental covid vaccine
1130,covid,NNP,PROPN,covid vaccine communication handbook aim fight misinformation demonstrate vaccine safe effective put together renowned team scientific expert range discipline here thread may interest cddftnhs colleague
1131,vaccine,NN,NOUN,covid vaccine communication handbook aim fight misinformation demonstrate vaccine safe effective put together renowned team scientific expert range discipline here thread may interest cddftnhs colleague
1132,communication,NN,NOUN,covid vaccine communication handbook aim fight misinformation demonstrate vaccine safe effective put together renowned team scientific expert range discipline here thread may interest cddftnhs colleague
1133,handbook,NN,NOUN,covid vaccine communication handbook aim fight misinformation demonstrate vaccine safe effective put together renowned team scientific expert range discipline here thread may interest cddftnhs colleague
1134,aim,NN,NOUN,covid vaccine communication handbook aim fight misinformation demonstrate vaccine safe effective put together renowned team scientific expert range discipline here thread may interest cddftnhs colleague
1135,fight,VB,VERB,covid vaccine communication handbook aim fight misinformation demonstrate vaccine safe effective put together renowned team scientific expert range discipline here thread may interest cddftnhs colleague
1136,misinformation,NN,NOUN,covid vaccine communication handbook aim fight misinformation demonstrate vaccine safe effective put together renowned team scientific expert range discipline here thread may interest cddftnhs colleague
1137,demonstrate,NN,NOUN,covid vaccine communication handbook aim fight misinformation demonstrate vaccine safe effective put together renowned team scientific expert range discipline here thread may interest cddftnhs colleague
1138,vaccine,NN,NOUN,covid vaccine communication handbook aim fight misinformation demonstrate vaccine safe effective put together renowned team scientific expert range discipline here thread may interest cddftnhs colleague
1139,safe,JJ,ADJ,covid vaccine communication handbook aim fight misinformation demonstrate vaccine safe effective put together renowned team scientific expert range discipline here thread may interest cddftnhs colleague
1140,effective,JJ,ADJ,covid vaccine communication handbook aim fight misinformation demonstrate vaccine safe effective put together renowned team scientific expert range discipline here thread may interest cddftnhs colleague
1141,put,VBN,VERB,covid vaccine communication handbook aim fight misinformation demonstrate vaccine safe effective put together renowned team scientific expert range discipline here thread may interest cddftnhs colleague
1142,together,RB,ADV,covid vaccine communication handbook aim fight misinformation demonstrate vaccine safe effective put together renowned team scientific expert range discipline here thread may interest cddftnhs colleague
1143,renowned,JJ,ADJ,covid vaccine communication handbook aim fight misinformation demonstrate vaccine safe effective put together renowned team scientific expert range discipline here thread may interest cddftnhs colleague
1144,team,NN,NOUN,covid vaccine communication handbook aim fight misinformation demonstrate vaccine safe effective put together renowned team scientific expert range discipline here thread may interest cddftnhs colleague
1145,scientific,JJ,ADJ,covid vaccine communication handbook aim fight misinformation demonstrate vaccine safe effective put together renowned team scientific expert range discipline here thread may interest cddftnhs colleague
1146,expert,NN,NOUN,covid vaccine communication handbook aim fight misinformation demonstrate vaccine safe effective put together renowned team scientific expert range discipline here thread may interest cddftnhs colleague
1147,range,NN,NOUN,covid vaccine communication handbook aim fight misinformation demonstrate vaccine safe effective put together renowned team scientific expert range discipline here thread may interest cddftnhs colleague
1148,discipline,NN,NOUN,covid vaccine communication handbook aim fight misinformation demonstrate vaccine safe effective put together renowned team scientific expert range discipline here thread may interest cddftnhs colleague
1149,here,RB,ADV,covid vaccine communication handbook aim fight misinformation demonstrate vaccine safe effective put together renowned team scientific expert range discipline here thread may interest cddftnhs colleague
1150,thread,NN,NOUN,covid vaccine communication handbook aim fight misinformation demonstrate vaccine safe effective put together renowned team scientific expert range discipline here thread may interest cddftnhs colleague
1151,may,MD,AUX,covid vaccine communication handbook aim fight misinformation demonstrate vaccine safe effective put together renowned team scientific expert range discipline here thread may interest cddftnhs colleague
1152,interest,VB,VERB,covid vaccine communication handbook aim fight misinformation demonstrate vaccine safe effective put together renowned team scientific expert range discipline here thread may interest cddftnhs colleague
1153,cddftnhs,NNP,PROPN,covid vaccine communication handbook aim fight misinformation demonstrate vaccine safe effective put together renowned team scientific expert range discipline here thread may interest cddftnhs colleague
1154,colleague,NN,NOUN,covid vaccine communication handbook aim fight misinformation demonstrate vaccine safe effective put together renowned team scientific expert range discipline here thread may interest cddftnhs colleague
1155,johnson,NNP,PROPN,johnson johnsonatms oneshot covid vaccine show promise earlystage trial
1156,johnsonatms,NNP,PROPN,johnson johnsonatms oneshot covid vaccine show promise earlystage trial
1157,oneshot,NNP,PROPN,johnson johnsonatms oneshot covid vaccine show promise earlystage trial
1158,covid,NNP,PROPN,johnson johnsonatms oneshot covid vaccine show promise earlystage trial
1159,vaccine,NN,NOUN,johnson johnsonatms oneshot covid vaccine show promise earlystage trial
1160,show,NN,NOUN,johnson johnsonatms oneshot covid vaccine show promise earlystage trial
1161,promise,NN,NOUN,johnson johnsonatms oneshot covid vaccine show promise earlystage trial
1162,earlystage,NN,NOUN,johnson johnsonatms oneshot covid vaccine show promise earlystage trial
1163,trial,NN,NOUN,johnson johnsonatms oneshot covid vaccine show promise earlystage trial
1164,mohfw_india,NNS,NOUN,mohfw_india pmoindia drharshvardhan ashwinikchoubey pib_india mygovindia covidnewsbymib covidindiaseva everyone take covid vaccine protect covid end coronavirus pandemic
1165,pmoindia,NN,NOUN,mohfw_india pmoindia drharshvardhan ashwinikchoubey pib_india mygovindia covidnewsbymib covidindiaseva everyone take covid vaccine protect covid end coronavirus pandemic
1166,drharshvardhan,IN,ADP,mohfw_india pmoindia drharshvardhan ashwinikchoubey pib_india mygovindia covidnewsbymib covidindiaseva everyone take covid vaccine protect covid end coronavirus pandemic
1167,ashwinikchoubey,VBP,VERB,mohfw_india pmoindia drharshvardhan ashwinikchoubey pib_india mygovindia covidnewsbymib covidindiaseva everyone take covid vaccine protect covid end coronavirus pandemic
1168,pib_india,NNP,PROPN,mohfw_india pmoindia drharshvardhan ashwinikchoubey pib_india mygovindia covidnewsbymib covidindiaseva everyone take covid vaccine protect covid end coronavirus pandemic
1169,mygovindia,NNP,PROPN,mohfw_india pmoindia drharshvardhan ashwinikchoubey pib_india mygovindia covidnewsbymib covidindiaseva everyone take covid vaccine protect covid end coronavirus pandemic
1170,covidnewsbymib,NNP,PROPN,mohfw_india pmoindia drharshvardhan ashwinikchoubey pib_india mygovindia covidnewsbymib covidindiaseva everyone take covid vaccine protect covid end coronavirus pandemic
1171,covidindiaseva,NNP,PROPN,mohfw_india pmoindia drharshvardhan ashwinikchoubey pib_india mygovindia covidnewsbymib covidindiaseva everyone take covid vaccine protect covid end coronavirus pandemic
1172,everyone,NNP,PROPN,mohfw_india pmoindia drharshvardhan ashwinikchoubey pib_india mygovindia covidnewsbymib covidindiaseva everyone take covid vaccine protect covid end coronavirus pandemic
1173,take,VB,VERB,mohfw_india pmoindia drharshvardhan ashwinikchoubey pib_india mygovindia covidnewsbymib covidindiaseva everyone take covid vaccine protect covid end coronavirus pandemic
1174,covid,JJ,ADJ,mohfw_india pmoindia drharshvardhan ashwinikchoubey pib_india mygovindia covidnewsbymib covidindiaseva everyone take covid vaccine protect covid end coronavirus pandemic
1175,vaccine,NN,NOUN,mohfw_india pmoindia drharshvardhan ashwinikchoubey pib_india mygovindia covidnewsbymib covidindiaseva everyone take covid vaccine protect covid end coronavirus pandemic
1176,protect,VB,VERB,mohfw_india pmoindia drharshvardhan ashwinikchoubey pib_india mygovindia covidnewsbymib covidindiaseva everyone take covid vaccine protect covid end coronavirus pandemic
1177,covid,JJ,ADJ,mohfw_india pmoindia drharshvardhan ashwinikchoubey pib_india mygovindia covidnewsbymib covidindiaseva everyone take covid vaccine protect covid end coronavirus pandemic
1178,end,NN,NOUN,mohfw_india pmoindia drharshvardhan ashwinikchoubey pib_india mygovindia covidnewsbymib covidindiaseva everyone take covid vaccine protect covid end coronavirus pandemic
1179,coronavirus,NN,NOUN,mohfw_india pmoindia drharshvardhan ashwinikchoubey pib_india mygovindia covidnewsbymib covidindiaseva everyone take covid vaccine protect covid end coronavirus pandemic
1180,pandemic,JJ,ADJ,mohfw_india pmoindia drharshvardhan ashwinikchoubey pib_india mygovindia covidnewsbymib covidindiaseva everyone take covid vaccine protect covid end coronavirus pandemic
1181,medstar,NNP,PROPN,medstar health launch study understand covid spread symptom vaccine adoption
1182,health,NNP,PROPN,medstar health launch study understand covid spread symptom vaccine adoption
1183,launch,NN,NOUN,medstar health launch study understand covid spread symptom vaccine adoption
1184,study,NN,NOUN,medstar health launch study understand covid spread symptom vaccine adoption
1185,understand,VBP,VERB,medstar health launch study understand covid spread symptom vaccine adoption
1186,covid,NNP,PROPN,medstar health launch study understand covid spread symptom vaccine adoption
1187,spread,NNP,PROPN,medstar health launch study understand covid spread symptom vaccine adoption
1188,symptom,NNP,PROPN,medstar health launch study understand covid spread symptom vaccine adoption
1189,vaccine,NN,NOUN,medstar health launch study understand covid spread symptom vaccine adoption
1190,adoption,NN,NOUN,medstar health launch study understand covid spread symptom vaccine adoption
1191,covid,JJ,ADJ,covid vaccination whatatms evidence extending dosing interval bmj grateful interpretation reading oxford vaccine better efficacy dose wks pfizer dose must le week correct
1192,vaccination,NN,NOUN,covid vaccination whatatms evidence extending dosing interval bmj grateful interpretation reading oxford vaccine better efficacy dose wks pfizer dose must le week correct
1193,whatatms,NN,NOUN,covid vaccination whatatms evidence extending dosing interval bmj grateful interpretation reading oxford vaccine better efficacy dose wks pfizer dose must le week correct
1194,evidence,NN,NOUN,covid vaccination whatatms evidence extending dosing interval bmj grateful interpretation reading oxford vaccine better efficacy dose wks pfizer dose must le week correct
1195,extending,VBG,VERB,covid vaccination whatatms evidence extending dosing interval bmj grateful interpretation reading oxford vaccine better efficacy dose wks pfizer dose must le week correct
1196,dosing,VBG,VERB,covid vaccination whatatms evidence extending dosing interval bmj grateful interpretation reading oxford vaccine better efficacy dose wks pfizer dose must le week correct
1197,interval,NN,NOUN,covid vaccination whatatms evidence extending dosing interval bmj grateful interpretation reading oxford vaccine better efficacy dose wks pfizer dose must le week correct
1198,bmj,NN,NOUN,covid vaccination whatatms evidence extending dosing interval bmj grateful interpretation reading oxford vaccine better efficacy dose wks pfizer dose must le week correct
1199,grateful,JJ,ADJ,covid vaccination whatatms evidence extending dosing interval bmj grateful interpretation reading oxford vaccine better efficacy dose wks pfizer dose must le week correct
1200,interpretation,NN,NOUN,covid vaccination whatatms evidence extending dosing interval bmj grateful interpretation reading oxford vaccine better efficacy dose wks pfizer dose must le week correct
1201,reading,VBG,VERB,covid vaccination whatatms evidence extending dosing interval bmj grateful interpretation reading oxford vaccine better efficacy dose wks pfizer dose must le week correct
1202,oxford,NNP,PROPN,covid vaccination whatatms evidence extending dosing interval bmj grateful interpretation reading oxford vaccine better efficacy dose wks pfizer dose must le week correct
1203,vaccine,NNP,PROPN,covid vaccination whatatms evidence extending dosing interval bmj grateful interpretation reading oxford vaccine better efficacy dose wks pfizer dose must le week correct
1204,better,JJR,ADJ,covid vaccination whatatms evidence extending dosing interval bmj grateful interpretation reading oxford vaccine better efficacy dose wks pfizer dose must le week correct
1205,efficacy,NN,NOUN,covid vaccination whatatms evidence extending dosing interval bmj grateful interpretation reading oxford vaccine better efficacy dose wks pfizer dose must le week correct
1206,dose,VBP,VERB,covid vaccination whatatms evidence extending dosing interval bmj grateful interpretation reading oxford vaccine better efficacy dose wks pfizer dose must le week correct
1207,wks,NNP,PROPN,covid vaccination whatatms evidence extending dosing interval bmj grateful interpretation reading oxford vaccine better efficacy dose wks pfizer dose must le week correct
1208,pfizer,NN,NOUN,covid vaccination whatatms evidence extending dosing interval bmj grateful interpretation reading oxford vaccine better efficacy dose wks pfizer dose must le week correct
1209,dose,NN,NOUN,covid vaccination whatatms evidence extending dosing interval bmj grateful interpretation reading oxford vaccine better efficacy dose wks pfizer dose must le week correct
1210,must,MD,AUX,covid vaccination whatatms evidence extending dosing interval bmj grateful interpretation reading oxford vaccine better efficacy dose wks pfizer dose must le week correct
1211,le,FW,X,covid vaccination whatatms evidence extending dosing interval bmj grateful interpretation reading oxford vaccine better efficacy dose wks pfizer dose must le week correct
1212,week,NN,NOUN,covid vaccination whatatms evidence extending dosing interval bmj grateful interpretation reading oxford vaccine better efficacy dose wks pfizer dose must le week correct
1213,correct,JJ,ADJ,covid vaccination whatatms evidence extending dosing interval bmj grateful interpretation reading oxford vaccine better efficacy dose wks pfizer dose must le week correct
1214,yjiden,NNP,PROPN,yjiden michaelbarden covid total scam fool believe whatever govt msm tell obviously fake plandemic mask work there thing asymptomatic transmission virus deluded myth vaccine harm u
1215,michaelbarden,NNP,PROPN,yjiden michaelbarden covid total scam fool believe whatever govt msm tell obviously fake plandemic mask work there thing asymptomatic transmission virus deluded myth vaccine harm u
1216,covid,JJ,ADJ,yjiden michaelbarden covid total scam fool believe whatever govt msm tell obviously fake plandemic mask work there thing asymptomatic transmission virus deluded myth vaccine harm u
1217,total,JJ,ADJ,yjiden michaelbarden covid total scam fool believe whatever govt msm tell obviously fake plandemic mask work there thing asymptomatic transmission virus deluded myth vaccine harm u
1218,scam,NN,NOUN,yjiden michaelbarden covid total scam fool believe whatever govt msm tell obviously fake plandemic mask work there thing asymptomatic transmission virus deluded myth vaccine harm u
1219,fool,NN,NOUN,yjiden michaelbarden covid total scam fool believe whatever govt msm tell obviously fake plandemic mask work there thing asymptomatic transmission virus deluded myth vaccine harm u
1220,believe,VBP,VERB,yjiden michaelbarden covid total scam fool believe whatever govt msm tell obviously fake plandemic mask work there thing asymptomatic transmission virus deluded myth vaccine harm u
1221,whatever,WDT,DET,yjiden michaelbarden covid total scam fool believe whatever govt msm tell obviously fake plandemic mask work there thing asymptomatic transmission virus deluded myth vaccine harm u
1222,govt,NN,NOUN,yjiden michaelbarden covid total scam fool believe whatever govt msm tell obviously fake plandemic mask work there thing asymptomatic transmission virus deluded myth vaccine harm u
1223,msm,NN,NOUN,yjiden michaelbarden covid total scam fool believe whatever govt msm tell obviously fake plandemic mask work there thing asymptomatic transmission virus deluded myth vaccine harm u
1224,tell,VBP,VERB,yjiden michaelbarden covid total scam fool believe whatever govt msm tell obviously fake plandemic mask work there thing asymptomatic transmission virus deluded myth vaccine harm u
1225,obviously,RB,ADV,yjiden michaelbarden covid total scam fool believe whatever govt msm tell obviously fake plandemic mask work there thing asymptomatic transmission virus deluded myth vaccine harm u
1226,fake,JJ,ADJ,yjiden michaelbarden covid total scam fool believe whatever govt msm tell obviously fake plandemic mask work there thing asymptomatic transmission virus deluded myth vaccine harm u
1227,plandemic,JJ,ADJ,yjiden michaelbarden covid total scam fool believe whatever govt msm tell obviously fake plandemic mask work there thing asymptomatic transmission virus deluded myth vaccine harm u
1228,mask,NN,NOUN,yjiden michaelbarden covid total scam fool believe whatever govt msm tell obviously fake plandemic mask work there thing asymptomatic transmission virus deluded myth vaccine harm u
1229,work,NN,NOUN,yjiden michaelbarden covid total scam fool believe whatever govt msm tell obviously fake plandemic mask work there thing asymptomatic transmission virus deluded myth vaccine harm u
1230,there,RB,ADV,yjiden michaelbarden covid total scam fool believe whatever govt msm tell obviously fake plandemic mask work there thing asymptomatic transmission virus deluded myth vaccine harm u
1231,thing,NN,NOUN,yjiden michaelbarden covid total scam fool believe whatever govt msm tell obviously fake plandemic mask work there thing asymptomatic transmission virus deluded myth vaccine harm u
1232,asymptomatic,JJ,ADJ,yjiden michaelbarden covid total scam fool believe whatever govt msm tell obviously fake plandemic mask work there thing asymptomatic transmission virus deluded myth vaccine harm u
1233,transmission,NN,NOUN,yjiden michaelbarden covid total scam fool believe whatever govt msm tell obviously fake plandemic mask work there thing asymptomatic transmission virus deluded myth vaccine harm u
1234,virus,NN,NOUN,yjiden michaelbarden covid total scam fool believe whatever govt msm tell obviously fake plandemic mask work there thing asymptomatic transmission virus deluded myth vaccine harm u
1235,deluded,VBD,VERB,yjiden michaelbarden covid total scam fool believe whatever govt msm tell obviously fake plandemic mask work there thing asymptomatic transmission virus deluded myth vaccine harm u
1236,myth,NN,NOUN,yjiden michaelbarden covid total scam fool believe whatever govt msm tell obviously fake plandemic mask work there thing asymptomatic transmission virus deluded myth vaccine harm u
1237,vaccine,NN,NOUN,yjiden michaelbarden covid total scam fool believe whatever govt msm tell obviously fake plandemic mask work there thing asymptomatic transmission virus deluded myth vaccine harm u
1238,harm,NN,NOUN,yjiden michaelbarden covid total scam fool believe whatever govt msm tell obviously fake plandemic mask work there thing asymptomatic transmission virus deluded myth vaccine harm u
1239,u,NN,NOUN,yjiden michaelbarden covid total scam fool believe whatever govt msm tell obviously fake plandemic mask work there thing asymptomatic transmission virus deluded myth vaccine harm u
1240,woman,NN,NOUN,woman experience side effect covid vaccine covid vaccine side effect common nd dose
1241,experience,NN,NOUN,woman experience side effect covid vaccine covid vaccine side effect common nd dose
1242,side,NN,NOUN,woman experience side effect covid vaccine covid vaccine side effect common nd dose
1243,effect,NN,NOUN,woman experience side effect covid vaccine covid vaccine side effect common nd dose
1244,covid,NNP,PROPN,woman experience side effect covid vaccine covid vaccine side effect common nd dose
1245,vaccine,NN,NOUN,woman experience side effect covid vaccine covid vaccine side effect common nd dose
1246,covid,NNP,PROPN,woman experience side effect covid vaccine covid vaccine side effect common nd dose
1247,vaccine,NN,NOUN,woman experience side effect covid vaccine covid vaccine side effect common nd dose
1248,side,NN,NOUN,woman experience side effect covid vaccine covid vaccine side effect common nd dose
1249,effect,NN,NOUN,woman experience side effect covid vaccine covid vaccine side effect common nd dose
1250,common,JJ,ADJ,woman experience side effect covid vaccine covid vaccine side effect common nd dose
1251,nd,NN,NOUN,woman experience side effect covid vaccine covid vaccine side effect common nd dose
1252,dose,VB,VERB,woman experience side effect covid vaccine covid vaccine side effect common nd dose
1253,novavax,NNP,PROPN,novavax say covid vaccine effective far le one variant via statnews pharma covid coronavirus vaccine nvax
1254,say,VBP,VERB,novavax say covid vaccine effective far le one variant via statnews pharma covid coronavirus vaccine nvax
1255,covid,JJ,ADJ,novavax say covid vaccine effective far le one variant via statnews pharma covid coronavirus vaccine nvax
1256,vaccine,NN,NOUN,novavax say covid vaccine effective far le one variant via statnews pharma covid coronavirus vaccine nvax
1257,effective,JJ,ADJ,novavax say covid vaccine effective far le one variant via statnews pharma covid coronavirus vaccine nvax
1258,far,RB,ADV,novavax say covid vaccine effective far le one variant via statnews pharma covid coronavirus vaccine nvax
1259,le,UH,INTJ,novavax say covid vaccine effective far le one variant via statnews pharma covid coronavirus vaccine nvax
1260,one,CD,NUM,novavax say covid vaccine effective far le one variant via statnews pharma covid coronavirus vaccine nvax
1261,variant,NN,NOUN,novavax say covid vaccine effective far le one variant via statnews pharma covid coronavirus vaccine nvax
1262,via,IN,ADP,novavax say covid vaccine effective far le one variant via statnews pharma covid coronavirus vaccine nvax
1263,statnews,NNP,PROPN,novavax say covid vaccine effective far le one variant via statnews pharma covid coronavirus vaccine nvax
1264,pharma,VBG,VERB,novavax say covid vaccine effective far le one variant via statnews pharma covid coronavirus vaccine nvax
1265,covid,JJ,ADJ,novavax say covid vaccine effective far le one variant via statnews pharma covid coronavirus vaccine nvax
1266,coronavirus,NNP,PROPN,novavax say covid vaccine effective far le one variant via statnews pharma covid coronavirus vaccine nvax
1267,vaccine,NNP,PROPN,novavax say covid vaccine effective far le one variant via statnews pharma covid coronavirus vaccine nvax
1268,nvax,NNP,PROPN,novavax say covid vaccine effective far le one variant via statnews pharma covid coronavirus vaccine nvax
1269,wisconsin,NNP,PROPN,wisconsin pharmacist accused trying destroy covid vaccine admitted conspiracy theorist told investigator believed covid vaccine safe people could harm change dnaa
1270,pharmacist,NNP,PROPN,wisconsin pharmacist accused trying destroy covid vaccine admitted conspiracy theorist told investigator believed covid vaccine safe people could harm change dnaa
1271,accused,VBD,VERB,wisconsin pharmacist accused trying destroy covid vaccine admitted conspiracy theorist told investigator believed covid vaccine safe people could harm change dnaa
1272,trying,VBG,AUX,wisconsin pharmacist accused trying destroy covid vaccine admitted conspiracy theorist told investigator believed covid vaccine safe people could harm change dnaa
1273,destroy,VB,VERB,wisconsin pharmacist accused trying destroy covid vaccine admitted conspiracy theorist told investigator believed covid vaccine safe people could harm change dnaa
1274,covid,JJ,ADJ,wisconsin pharmacist accused trying destroy covid vaccine admitted conspiracy theorist told investigator believed covid vaccine safe people could harm change dnaa
1275,vaccine,NN,NOUN,wisconsin pharmacist accused trying destroy covid vaccine admitted conspiracy theorist told investigator believed covid vaccine safe people could harm change dnaa
1276,admitted,VBD,VERB,wisconsin pharmacist accused trying destroy covid vaccine admitted conspiracy theorist told investigator believed covid vaccine safe people could harm change dnaa
1277,conspiracy,NN,NOUN,wisconsin pharmacist accused trying destroy covid vaccine admitted conspiracy theorist told investigator believed covid vaccine safe people could harm change dnaa
1278,theorist,NN,NOUN,wisconsin pharmacist accused trying destroy covid vaccine admitted conspiracy theorist told investigator believed covid vaccine safe people could harm change dnaa
1279,told,VBD,VERB,wisconsin pharmacist accused trying destroy covid vaccine admitted conspiracy theorist told investigator believed covid vaccine safe people could harm change dnaa
1280,investigator,NN,NOUN,wisconsin pharmacist accused trying destroy covid vaccine admitted conspiracy theorist told investigator believed covid vaccine safe people could harm change dnaa
1281,believed,VBD,VERB,wisconsin pharmacist accused trying destroy covid vaccine admitted conspiracy theorist told investigator believed covid vaccine safe people could harm change dnaa
1282,covid,JJ,ADJ,wisconsin pharmacist accused trying destroy covid vaccine admitted conspiracy theorist told investigator believed covid vaccine safe people could harm change dnaa
1283,vaccine,NN,NOUN,wisconsin pharmacist accused trying destroy covid vaccine admitted conspiracy theorist told investigator believed covid vaccine safe people could harm change dnaa
1284,safe,JJ,ADJ,wisconsin pharmacist accused trying destroy covid vaccine admitted conspiracy theorist told investigator believed covid vaccine safe people could harm change dnaa
1285,people,NNS,NOUN,wisconsin pharmacist accused trying destroy covid vaccine admitted conspiracy theorist told investigator believed covid vaccine safe people could harm change dnaa
1286,could,MD,AUX,wisconsin pharmacist accused trying destroy covid vaccine admitted conspiracy theorist told investigator believed covid vaccine safe people could harm change dnaa
1287,harm,VB,VERB,wisconsin pharmacist accused trying destroy covid vaccine admitted conspiracy theorist told investigator believed covid vaccine safe people could harm change dnaa
1288,change,VB,VERB,wisconsin pharmacist accused trying destroy covid vaccine admitted conspiracy theorist told investigator believed covid vaccine safe people could harm change dnaa
1289,dnaa,NN,NOUN,wisconsin pharmacist accused trying destroy covid vaccine admitted conspiracy theorist told investigator believed covid vaccine safe people could harm change dnaa
1290,northern,JJ,ADJ,northern light covid vaccine
1291,light,JJ,ADJ,northern light covid vaccine
1292,covid,JJ,ADJ,northern light covid vaccine
1293,vaccine,NN,NOUN,northern light covid vaccine
1294,dad,NNP,PROPN,dad demand answer health worker daughter died two day covid vaccine
1295,demand,NN,NOUN,dad demand answer health worker daughter died two day covid vaccine
1296,answer,VBP,VERB,dad demand answer health worker daughter died two day covid vaccine
1297,health,NN,NOUN,dad demand answer health worker daughter died two day covid vaccine
1298,worker,NN,NOUN,dad demand answer health worker daughter died two day covid vaccine
1299,daughter,NN,NOUN,dad demand answer health worker daughter died two day covid vaccine
1300,died,VBD,VERB,dad demand answer health worker daughter died two day covid vaccine
1301,two,CD,NUM,dad demand answer health worker daughter died two day covid vaccine
1302,day,NN,NOUN,dad demand answer health worker daughter died two day covid vaccine
1303,covid,JJ,ADJ,dad demand answer health worker daughter died two day covid vaccine
1304,vaccine,NN,NOUN,dad demand answer health worker daughter died two day covid vaccine
1305,bell,NNP,PROPN,bell palsy conventional medicine say cause unknown go away time there growing evidence caused vaccine especially flu covid pharmaceutical industry seem interested investigating wonder bellspalsy
1306,palsy,NNP,PROPN,bell palsy conventional medicine say cause unknown go away time there growing evidence caused vaccine especially flu covid pharmaceutical industry seem interested investigating wonder bellspalsy
1307,conventional,JJ,ADJ,bell palsy conventional medicine say cause unknown go away time there growing evidence caused vaccine especially flu covid pharmaceutical industry seem interested investigating wonder bellspalsy
1308,medicine,NN,NOUN,bell palsy conventional medicine say cause unknown go away time there growing evidence caused vaccine especially flu covid pharmaceutical industry seem interested investigating wonder bellspalsy
1309,say,VBP,VERB,bell palsy conventional medicine say cause unknown go away time there growing evidence caused vaccine especially flu covid pharmaceutical industry seem interested investigating wonder bellspalsy
1310,cause,VB,VERB,bell palsy conventional medicine say cause unknown go away time there growing evidence caused vaccine especially flu covid pharmaceutical industry seem interested investigating wonder bellspalsy
1311,unknown,JJ,ADJ,bell palsy conventional medicine say cause unknown go away time there growing evidence caused vaccine especially flu covid pharmaceutical industry seem interested investigating wonder bellspalsy
1312,go,VB,VERB,bell palsy conventional medicine say cause unknown go away time there growing evidence caused vaccine especially flu covid pharmaceutical industry seem interested investigating wonder bellspalsy
1313,away,RB,ADV,bell palsy conventional medicine say cause unknown go away time there growing evidence caused vaccine especially flu covid pharmaceutical industry seem interested investigating wonder bellspalsy
1314,time,NN,NOUN,bell palsy conventional medicine say cause unknown go away time there growing evidence caused vaccine especially flu covid pharmaceutical industry seem interested investigating wonder bellspalsy
1315,there,RB,ADV,bell palsy conventional medicine say cause unknown go away time there growing evidence caused vaccine especially flu covid pharmaceutical industry seem interested investigating wonder bellspalsy
1316,growing,VBG,VERB,bell palsy conventional medicine say cause unknown go away time there growing evidence caused vaccine especially flu covid pharmaceutical industry seem interested investigating wonder bellspalsy
1317,evidence,NN,NOUN,bell palsy conventional medicine say cause unknown go away time there growing evidence caused vaccine especially flu covid pharmaceutical industry seem interested investigating wonder bellspalsy
1318,caused,VBD,VERB,bell palsy conventional medicine say cause unknown go away time there growing evidence caused vaccine especially flu covid pharmaceutical industry seem interested investigating wonder bellspalsy
1319,vaccine,NN,NOUN,bell palsy conventional medicine say cause unknown go away time there growing evidence caused vaccine especially flu covid pharmaceutical industry seem interested investigating wonder bellspalsy
1320,especially,RB,ADV,bell palsy conventional medicine say cause unknown go away time there growing evidence caused vaccine especially flu covid pharmaceutical industry seem interested investigating wonder bellspalsy
1321,flu,VBP,VERB,bell palsy conventional medicine say cause unknown go away time there growing evidence caused vaccine especially flu covid pharmaceutical industry seem interested investigating wonder bellspalsy
1322,covid,JJ,ADJ,bell palsy conventional medicine say cause unknown go away time there growing evidence caused vaccine especially flu covid pharmaceutical industry seem interested investigating wonder bellspalsy
1323,pharmaceutical,NN,NOUN,bell palsy conventional medicine say cause unknown go away time there growing evidence caused vaccine especially flu covid pharmaceutical industry seem interested investigating wonder bellspalsy
1324,industry,NN,NOUN,bell palsy conventional medicine say cause unknown go away time there growing evidence caused vaccine especially flu covid pharmaceutical industry seem interested investigating wonder bellspalsy
1325,seem,VBP,VERB,bell palsy conventional medicine say cause unknown go away time there growing evidence caused vaccine especially flu covid pharmaceutical industry seem interested investigating wonder bellspalsy
1326,interested,JJ,ADJ,bell palsy conventional medicine say cause unknown go away time there growing evidence caused vaccine especially flu covid pharmaceutical industry seem interested investigating wonder bellspalsy
1327,investigating,VBG,VERB,bell palsy conventional medicine say cause unknown go away time there growing evidence caused vaccine especially flu covid pharmaceutical industry seem interested investigating wonder bellspalsy
1328,wonder,NN,NOUN,bell palsy conventional medicine say cause unknown go away time there growing evidence caused vaccine especially flu covid pharmaceutical industry seem interested investigating wonder bellspalsy
1329,bellspalsy,NNP,PROPN,bell palsy conventional medicine say cause unknown go away time there growing evidence caused vaccine especially flu covid pharmaceutical industry seem interested investigating wonder bellspalsy
1330,heathdonsmcgreg,NNP,PROPN,heathdonsmcgreg mfwitches itatms good skeptical point claim two vaccine hold fda approves good enough chance possible side effect showing road v chance covid right balancing ymmv
1331,mfwitches,NNP,PROPN,heathdonsmcgreg mfwitches itatms good skeptical point claim two vaccine hold fda approves good enough chance possible side effect showing road v chance covid right balancing ymmv
1332,itatms,NNP,PROPN,heathdonsmcgreg mfwitches itatms good skeptical point claim two vaccine hold fda approves good enough chance possible side effect showing road v chance covid right balancing ymmv
1333,good,JJ,ADJ,heathdonsmcgreg mfwitches itatms good skeptical point claim two vaccine hold fda approves good enough chance possible side effect showing road v chance covid right balancing ymmv
1334,skeptical,JJ,ADJ,heathdonsmcgreg mfwitches itatms good skeptical point claim two vaccine hold fda approves good enough chance possible side effect showing road v chance covid right balancing ymmv
1335,point,NN,NOUN,heathdonsmcgreg mfwitches itatms good skeptical point claim two vaccine hold fda approves good enough chance possible side effect showing road v chance covid right balancing ymmv
1336,claim,VBP,VERB,heathdonsmcgreg mfwitches itatms good skeptical point claim two vaccine hold fda approves good enough chance possible side effect showing road v chance covid right balancing ymmv
1337,two,CD,NUM,heathdonsmcgreg mfwitches itatms good skeptical point claim two vaccine hold fda approves good enough chance possible side effect showing road v chance covid right balancing ymmv
1338,vaccine,NN,NOUN,heathdonsmcgreg mfwitches itatms good skeptical point claim two vaccine hold fda approves good enough chance possible side effect showing road v chance covid right balancing ymmv
1339,hold,VBP,VERB,heathdonsmcgreg mfwitches itatms good skeptical point claim two vaccine hold fda approves good enough chance possible side effect showing road v chance covid right balancing ymmv
1340,fda,NNP,PROPN,heathdonsmcgreg mfwitches itatms good skeptical point claim two vaccine hold fda approves good enough chance possible side effect showing road v chance covid right balancing ymmv
1341,approves,VBZ,VERB,heathdonsmcgreg mfwitches itatms good skeptical point claim two vaccine hold fda approves good enough chance possible side effect showing road v chance covid right balancing ymmv
1342,good,JJ,ADJ,heathdonsmcgreg mfwitches itatms good skeptical point claim two vaccine hold fda approves good enough chance possible side effect showing road v chance covid right balancing ymmv
1343,enough,JJ,ADJ,heathdonsmcgreg mfwitches itatms good skeptical point claim two vaccine hold fda approves good enough chance possible side effect showing road v chance covid right balancing ymmv
1344,chance,NN,NOUN,heathdonsmcgreg mfwitches itatms good skeptical point claim two vaccine hold fda approves good enough chance possible side effect showing road v chance covid right balancing ymmv
1345,possible,JJ,ADJ,heathdonsmcgreg mfwitches itatms good skeptical point claim two vaccine hold fda approves good enough chance possible side effect showing road v chance covid right balancing ymmv
1346,side,NN,NOUN,heathdonsmcgreg mfwitches itatms good skeptical point claim two vaccine hold fda approves good enough chance possible side effect showing road v chance covid right balancing ymmv
1347,effect,NN,NOUN,heathdonsmcgreg mfwitches itatms good skeptical point claim two vaccine hold fda approves good enough chance possible side effect showing road v chance covid right balancing ymmv
1348,showing,VBG,VERB,heathdonsmcgreg mfwitches itatms good skeptical point claim two vaccine hold fda approves good enough chance possible side effect showing road v chance covid right balancing ymmv
1349,road,NN,NOUN,heathdonsmcgreg mfwitches itatms good skeptical point claim two vaccine hold fda approves good enough chance possible side effect showing road v chance covid right balancing ymmv
1350,v,NN,NOUN,heathdonsmcgreg mfwitches itatms good skeptical point claim two vaccine hold fda approves good enough chance possible side effect showing road v chance covid right balancing ymmv
1351,chance,NN,NOUN,heathdonsmcgreg mfwitches itatms good skeptical point claim two vaccine hold fda approves good enough chance possible side effect showing road v chance covid right balancing ymmv
1352,covid,JJ,ADJ,heathdonsmcgreg mfwitches itatms good skeptical point claim two vaccine hold fda approves good enough chance possible side effect showing road v chance covid right balancing ymmv
1353,right,JJ,ADJ,heathdonsmcgreg mfwitches itatms good skeptical point claim two vaccine hold fda approves good enough chance possible side effect showing road v chance covid right balancing ymmv
1354,balancing,VBG,VERB,heathdonsmcgreg mfwitches itatms good skeptical point claim two vaccine hold fda approves good enough chance possible side effect showing road v chance covid right balancing ymmv
1355,ymmv,NN,NOUN,heathdonsmcgreg mfwitches itatms good skeptical point claim two vaccine hold fda approves good enough chance possible side effect showing road v chance covid right balancing ymmv
1356,uwu,NNP,PROPN,uwu weseawchews uwged govewnments deway administewing da second dose pfizew inc covid vaccine said efficacy aftew da fiwst dose _
1357,weseawchews,NNP,PROPN,uwu weseawchews uwged govewnments deway administewing da second dose pfizew inc covid vaccine said efficacy aftew da fiwst dose _
1358,uwged,JJ,ADJ,uwu weseawchews uwged govewnments deway administewing da second dose pfizew inc covid vaccine said efficacy aftew da fiwst dose _
1359,govewnments,NNS,NOUN,uwu weseawchews uwged govewnments deway administewing da second dose pfizew inc covid vaccine said efficacy aftew da fiwst dose _
1360,deway,NN,NOUN,uwu weseawchews uwged govewnments deway administewing da second dose pfizew inc covid vaccine said efficacy aftew da fiwst dose _
1361,administewing,VBG,VERB,uwu weseawchews uwged govewnments deway administewing da second dose pfizew inc covid vaccine said efficacy aftew da fiwst dose _
1362,da,NNP,PROPN,uwu weseawchews uwged govewnments deway administewing da second dose pfizew inc covid vaccine said efficacy aftew da fiwst dose _
1363,second,NNP,PROPN,uwu weseawchews uwged govewnments deway administewing da second dose pfizew inc covid vaccine said efficacy aftew da fiwst dose _
1364,dose,NNP,PROPN,uwu weseawchews uwged govewnments deway administewing da second dose pfizew inc covid vaccine said efficacy aftew da fiwst dose _
1365,pfizew,NNP,PROPN,uwu weseawchews uwged govewnments deway administewing da second dose pfizew inc covid vaccine said efficacy aftew da fiwst dose _
1366,inc,NNP,PROPN,uwu weseawchews uwged govewnments deway administewing da second dose pfizew inc covid vaccine said efficacy aftew da fiwst dose _
1367,covid,NNP,PROPN,uwu weseawchews uwged govewnments deway administewing da second dose pfizew inc covid vaccine said efficacy aftew da fiwst dose _
1368,vaccine,NNP,PROPN,uwu weseawchews uwged govewnments deway administewing da second dose pfizew inc covid vaccine said efficacy aftew da fiwst dose _
1369,said,VBD,VERB,uwu weseawchews uwged govewnments deway administewing da second dose pfizew inc covid vaccine said efficacy aftew da fiwst dose _
1370,efficacy,NN,NOUN,uwu weseawchews uwged govewnments deway administewing da second dose pfizew inc covid vaccine said efficacy aftew da fiwst dose _
1371,aftew,NNP,PROPN,uwu weseawchews uwged govewnments deway administewing da second dose pfizew inc covid vaccine said efficacy aftew da fiwst dose _
1372,da,NNP,PROPN,uwu weseawchews uwged govewnments deway administewing da second dose pfizew inc covid vaccine said efficacy aftew da fiwst dose _
1373,fiwst,NN,NOUN,uwu weseawchews uwged govewnments deway administewing da second dose pfizew inc covid vaccine said efficacy aftew da fiwst dose _
1374,dose,NN,NOUN,uwu weseawchews uwged govewnments deway administewing da second dose pfizew inc covid vaccine said efficacy aftew da fiwst dose _
1375,_,.,PUNCT,uwu weseawchews uwged govewnments deway administewing da second dose pfizew inc covid vaccine said efficacy aftew da fiwst dose _
1376,wearing,VBG,VERB,wearing mask keeping social distance washing hand best covid vaccine covidinsa
1377,mask,NN,NOUN,wearing mask keeping social distance washing hand best covid vaccine covidinsa
1378,keeping,VBG,VERB,wearing mask keeping social distance washing hand best covid vaccine covidinsa
1379,social,JJ,ADJ,wearing mask keeping social distance washing hand best covid vaccine covidinsa
1380,distance,NN,NOUN,wearing mask keeping social distance washing hand best covid vaccine covidinsa
1381,washing,NN,NOUN,wearing mask keeping social distance washing hand best covid vaccine covidinsa
1382,hand,NN,NOUN,wearing mask keeping social distance washing hand best covid vaccine covidinsa
1383,best,JJS,ADJ,wearing mask keeping social distance washing hand best covid vaccine covidinsa
1384,covid,JJ,ADJ,wearing mask keeping social distance washing hand best covid vaccine covidinsa
1385,vaccine,NN,NOUN,wearing mask keeping social distance washing hand best covid vaccine covidinsa
1386,covidinsa,NN,NOUN,wearing mask keeping social distance washing hand best covid vaccine covidinsa
1387,say,VB,VERB,say vaccine use live virus cannot give someone covid
1388,vaccine,NN,NOUN,say vaccine use live virus cannot give someone covid
1389,use,VB,VERB,say vaccine use live virus cannot give someone covid
1390,live,JJ,ADJ,say vaccine use live virus cannot give someone covid
1391,virus,NN,NOUN,say vaccine use live virus cannot give someone covid
1392,can,MD,AUX,say vaccine use live virus cannot give someone covid
1393,not,RB,PART,say vaccine use live virus cannot give someone covid
1394,give,VB,VERB,say vaccine use live virus cannot give someone covid
1395,someone,NN,PRON,say vaccine use live virus cannot give someone covid
1396,covid,JJ,ADJ,say vaccine use live virus cannot give someone covid
1397,rrrbyn,NNP,PROPN,rrrbyn covid vaccine use one two human fetal cell line hek kidney cell line widely used research industry come fetus aborted perc proprietary cell line owned johnson johnson developed fetus aborted
1398,covid,NNP,PROPN,rrrbyn covid vaccine use one two human fetal cell line hek kidney cell line widely used research industry come fetus aborted perc proprietary cell line owned johnson johnson developed fetus aborted
1399,vaccine,NN,NOUN,rrrbyn covid vaccine use one two human fetal cell line hek kidney cell line widely used research industry come fetus aborted perc proprietary cell line owned johnson johnson developed fetus aborted
1400,use,VB,VERB,rrrbyn covid vaccine use one two human fetal cell line hek kidney cell line widely used research industry come fetus aborted perc proprietary cell line owned johnson johnson developed fetus aborted
1401,one,CD,NUM,rrrbyn covid vaccine use one two human fetal cell line hek kidney cell line widely used research industry come fetus aborted perc proprietary cell line owned johnson johnson developed fetus aborted
1402,two,CD,NUM,rrrbyn covid vaccine use one two human fetal cell line hek kidney cell line widely used research industry come fetus aborted perc proprietary cell line owned johnson johnson developed fetus aborted
1403,human,JJ,ADJ,rrrbyn covid vaccine use one two human fetal cell line hek kidney cell line widely used research industry come fetus aborted perc proprietary cell line owned johnson johnson developed fetus aborted
1404,fetal,JJ,ADJ,rrrbyn covid vaccine use one two human fetal cell line hek kidney cell line widely used research industry come fetus aborted perc proprietary cell line owned johnson johnson developed fetus aborted
1405,cell,NN,NOUN,rrrbyn covid vaccine use one two human fetal cell line hek kidney cell line widely used research industry come fetus aborted perc proprietary cell line owned johnson johnson developed fetus aborted
1406,line,NN,NOUN,rrrbyn covid vaccine use one two human fetal cell line hek kidney cell line widely used research industry come fetus aborted perc proprietary cell line owned johnson johnson developed fetus aborted
1407,hek,NNP,PROPN,rrrbyn covid vaccine use one two human fetal cell line hek kidney cell line widely used research industry come fetus aborted perc proprietary cell line owned johnson johnson developed fetus aborted
1408,kidney,NNP,PROPN,rrrbyn covid vaccine use one two human fetal cell line hek kidney cell line widely used research industry come fetus aborted perc proprietary cell line owned johnson johnson developed fetus aborted
1409,cell,NN,NOUN,rrrbyn covid vaccine use one two human fetal cell line hek kidney cell line widely used research industry come fetus aborted perc proprietary cell line owned johnson johnson developed fetus aborted
1410,line,NN,NOUN,rrrbyn covid vaccine use one two human fetal cell line hek kidney cell line widely used research industry come fetus aborted perc proprietary cell line owned johnson johnson developed fetus aborted
1411,widely,RB,ADV,rrrbyn covid vaccine use one two human fetal cell line hek kidney cell line widely used research industry come fetus aborted perc proprietary cell line owned johnson johnson developed fetus aborted
1412,used,VBN,VERB,rrrbyn covid vaccine use one two human fetal cell line hek kidney cell line widely used research industry come fetus aborted perc proprietary cell line owned johnson johnson developed fetus aborted
1413,research,NN,NOUN,rrrbyn covid vaccine use one two human fetal cell line hek kidney cell line widely used research industry come fetus aborted perc proprietary cell line owned johnson johnson developed fetus aborted
1414,industry,NN,NOUN,rrrbyn covid vaccine use one two human fetal cell line hek kidney cell line widely used research industry come fetus aborted perc proprietary cell line owned johnson johnson developed fetus aborted
1415,come,VB,VERB,rrrbyn covid vaccine use one two human fetal cell line hek kidney cell line widely used research industry come fetus aborted perc proprietary cell line owned johnson johnson developed fetus aborted
1416,fetus,NN,NOUN,rrrbyn covid vaccine use one two human fetal cell line hek kidney cell line widely used research industry come fetus aborted perc proprietary cell line owned johnson johnson developed fetus aborted
1417,aborted,VBD,VERB,rrrbyn covid vaccine use one two human fetal cell line hek kidney cell line widely used research industry come fetus aborted perc proprietary cell line owned johnson johnson developed fetus aborted
1418,perc,NN,NOUN,rrrbyn covid vaccine use one two human fetal cell line hek kidney cell line widely used research industry come fetus aborted perc proprietary cell line owned johnson johnson developed fetus aborted
1419,proprietary,JJ,ADJ,rrrbyn covid vaccine use one two human fetal cell line hek kidney cell line widely used research industry come fetus aborted perc proprietary cell line owned johnson johnson developed fetus aborted
1420,cell,NN,NOUN,rrrbyn covid vaccine use one two human fetal cell line hek kidney cell line widely used research industry come fetus aborted perc proprietary cell line owned johnson johnson developed fetus aborted
1421,line,NN,NOUN,rrrbyn covid vaccine use one two human fetal cell line hek kidney cell line widely used research industry come fetus aborted perc proprietary cell line owned johnson johnson developed fetus aborted
1422,owned,VBN,VERB,rrrbyn covid vaccine use one two human fetal cell line hek kidney cell line widely used research industry come fetus aborted perc proprietary cell line owned johnson johnson developed fetus aborted
1423,johnson,NNP,PROPN,rrrbyn covid vaccine use one two human fetal cell line hek kidney cell line widely used research industry come fetus aborted perc proprietary cell line owned johnson johnson developed fetus aborted
1424,johnson,NNP,PROPN,rrrbyn covid vaccine use one two human fetal cell line hek kidney cell line widely used research industry come fetus aborted perc proprietary cell line owned johnson johnson developed fetus aborted
1425,developed,VBD,VERB,rrrbyn covid vaccine use one two human fetal cell line hek kidney cell line widely used research industry come fetus aborted perc proprietary cell line owned johnson johnson developed fetus aborted
1426,fetus,NN,NOUN,rrrbyn covid vaccine use one two human fetal cell line hek kidney cell line widely used research industry come fetus aborted perc proprietary cell line owned johnson johnson developed fetus aborted
1427,aborted,VBD,VERB,rrrbyn covid vaccine use one two human fetal cell line hek kidney cell line widely used research industry come fetus aborted perc proprietary cell line owned johnson johnson developed fetus aborted
1428,new,JJ,ADJ,new cwmh blog pregnant woman covid vaccine
1429,cwmh,NN,NOUN,new cwmh blog pregnant woman covid vaccine
1430,blog,NN,NOUN,new cwmh blog pregnant woman covid vaccine
1431,pregnant,JJ,ADJ,new cwmh blog pregnant woman covid vaccine
1432,woman,NN,NOUN,new cwmh blog pregnant woman covid vaccine
1433,covid,NNP,PROPN,new cwmh blog pregnant woman covid vaccine
1434,vaccine,NN,NOUN,new cwmh blog pregnant woman covid vaccine
1435,question,NN,NOUN,question remain around strategy curb continued spread covid join u webinar tomorrow noon expert answer question vaccine treatment prevention expect going forward register
1436,remain,VBP,VERB,question remain around strategy curb continued spread covid join u webinar tomorrow noon expert answer question vaccine treatment prevention expect going forward register
1437,around,IN,ADP,question remain around strategy curb continued spread covid join u webinar tomorrow noon expert answer question vaccine treatment prevention expect going forward register
1438,strategy,NN,NOUN,question remain around strategy curb continued spread covid join u webinar tomorrow noon expert answer question vaccine treatment prevention expect going forward register
1439,curb,NN,NOUN,question remain around strategy curb continued spread covid join u webinar tomorrow noon expert answer question vaccine treatment prevention expect going forward register
1440,continued,VBD,VERB,question remain around strategy curb continued spread covid join u webinar tomorrow noon expert answer question vaccine treatment prevention expect going forward register
1441,spread,VBN,VERB,question remain around strategy curb continued spread covid join u webinar tomorrow noon expert answer question vaccine treatment prevention expect going forward register
1442,covid,NNP,PROPN,question remain around strategy curb continued spread covid join u webinar tomorrow noon expert answer question vaccine treatment prevention expect going forward register
1443,join,NN,NOUN,question remain around strategy curb continued spread covid join u webinar tomorrow noon expert answer question vaccine treatment prevention expect going forward register
1444,u,NNP,PROPN,question remain around strategy curb continued spread covid join u webinar tomorrow noon expert answer question vaccine treatment prevention expect going forward register
1445,webinar,NN,NOUN,question remain around strategy curb continued spread covid join u webinar tomorrow noon expert answer question vaccine treatment prevention expect going forward register
1446,tomorrow,NN,NOUN,question remain around strategy curb continued spread covid join u webinar tomorrow noon expert answer question vaccine treatment prevention expect going forward register
1447,noon,NN,NOUN,question remain around strategy curb continued spread covid join u webinar tomorrow noon expert answer question vaccine treatment prevention expect going forward register
1448,expert,NN,NOUN,question remain around strategy curb continued spread covid join u webinar tomorrow noon expert answer question vaccine treatment prevention expect going forward register
1449,answer,NN,NOUN,question remain around strategy curb continued spread covid join u webinar tomorrow noon expert answer question vaccine treatment prevention expect going forward register
1450,question,NN,NOUN,question remain around strategy curb continued spread covid join u webinar tomorrow noon expert answer question vaccine treatment prevention expect going forward register
1451,vaccine,NN,NOUN,question remain around strategy curb continued spread covid join u webinar tomorrow noon expert answer question vaccine treatment prevention expect going forward register
1452,treatment,NN,NOUN,question remain around strategy curb continued spread covid join u webinar tomorrow noon expert answer question vaccine treatment prevention expect going forward register
1453,prevention,NN,NOUN,question remain around strategy curb continued spread covid join u webinar tomorrow noon expert answer question vaccine treatment prevention expect going forward register
1454,expect,VBP,VERB,question remain around strategy curb continued spread covid join u webinar tomorrow noon expert answer question vaccine treatment prevention expect going forward register
1455,going,VBG,VERB,question remain around strategy curb continued spread covid join u webinar tomorrow noon expert answer question vaccine treatment prevention expect going forward register
1456,forward,RB,ADV,question remain around strategy curb continued spread covid join u webinar tomorrow noon expert answer question vaccine treatment prevention expect going forward register
1457,register,VB,VERB,question remain around strategy curb continued spread covid join u webinar tomorrow noon expert answer question vaccine treatment prevention expect going forward register
1458,amoderna,NNP,PROPN,amoderna expects covid vaccine protect uk coronavirus variant reutersa
1459,expects,VBZ,VERB,amoderna expects covid vaccine protect uk coronavirus variant reutersa
1460,covid,JJ,ADJ,amoderna expects covid vaccine protect uk coronavirus variant reutersa
1461,vaccine,NN,NOUN,amoderna expects covid vaccine protect uk coronavirus variant reutersa
1462,protect,VB,VERB,amoderna expects covid vaccine protect uk coronavirus variant reutersa
1463,uk,NNP,PROPN,amoderna expects covid vaccine protect uk coronavirus variant reutersa
1464,coronavirus,NNP,PROPN,amoderna expects covid vaccine protect uk coronavirus variant reutersa
1465,variant,NNP,PROPN,amoderna expects covid vaccine protect uk coronavirus variant reutersa
1466,reutersa,NN,NOUN,amoderna expects covid vaccine protect uk coronavirus variant reutersa
1467,question,NN,NOUN,question working get covid vaccine question answered concern vaccine let u know covid story found
1468,working,VBG,VERB,question working get covid vaccine question answered concern vaccine let u know covid story found
1469,get,VB,VERB,question working get covid vaccine question answered concern vaccine let u know covid story found
1470,covid,JJ,ADJ,question working get covid vaccine question answered concern vaccine let u know covid story found
1471,vaccine,NN,NOUN,question working get covid vaccine question answered concern vaccine let u know covid story found
1472,question,NN,NOUN,question working get covid vaccine question answered concern vaccine let u know covid story found
1473,answered,VBN,VERB,question working get covid vaccine question answered concern vaccine let u know covid story found
1474,concern,NN,NOUN,question working get covid vaccine question answered concern vaccine let u know covid story found
1475,vaccine,NN,NOUN,question working get covid vaccine question answered concern vaccine let u know covid story found
1476,let,VBD,VERB,question working get covid vaccine question answered concern vaccine let u know covid story found
1477,u,PRP,PRON,question working get covid vaccine question answered concern vaccine let u know covid story found
1478,know,VB,VERB,question working get covid vaccine question answered concern vaccine let u know covid story found
1479,covid,JJ,ADJ,question working get covid vaccine question answered concern vaccine let u know covid story found
1480,story,NN,NOUN,question working get covid vaccine question answered concern vaccine let u know covid story found
1481,found,VBD,VERB,question working get covid vaccine question answered concern vaccine let u know covid story found
1482,first,RB,ADV,first shot florida teen start covid vaccine trial journey
1483,shot,VBD,VERB,first shot florida teen start covid vaccine trial journey
1484,florida,NNP,PROPN,first shot florida teen start covid vaccine trial journey
1485,teen,NNP,PROPN,first shot florida teen start covid vaccine trial journey
1486,start,VBP,VERB,first shot florida teen start covid vaccine trial journey
1487,covid,JJ,ADJ,first shot florida teen start covid vaccine trial journey
1488,vaccine,NN,NOUN,first shot florida teen start covid vaccine trial journey
1489,trial,NN,NOUN,first shot florida teen start covid vaccine trial journey
1490,journey,NN,NOUN,first shot florida teen start covid vaccine trial journey
1491,dr,NNP,PROPN,dr anthony fauci top infectious disease specialist united state say pfizerbiontech moderna vaccine effective could crush covid pandemic spoke white coat black art host dr brian goldman
1492,anthony,NNP,PROPN,dr anthony fauci top infectious disease specialist united state say pfizerbiontech moderna vaccine effective could crush covid pandemic spoke white coat black art host dr brian goldman
1493,fauci,VBD,VERB,dr anthony fauci top infectious disease specialist united state say pfizerbiontech moderna vaccine effective could crush covid pandemic spoke white coat black art host dr brian goldman
1494,top,JJ,ADJ,dr anthony fauci top infectious disease specialist united state say pfizerbiontech moderna vaccine effective could crush covid pandemic spoke white coat black art host dr brian goldman
1495,infectious,JJ,ADJ,dr anthony fauci top infectious disease specialist united state say pfizerbiontech moderna vaccine effective could crush covid pandemic spoke white coat black art host dr brian goldman
1496,disease,NN,NOUN,dr anthony fauci top infectious disease specialist united state say pfizerbiontech moderna vaccine effective could crush covid pandemic spoke white coat black art host dr brian goldman
1497,specialist,NNP,PROPN,dr anthony fauci top infectious disease specialist united state say pfizerbiontech moderna vaccine effective could crush covid pandemic spoke white coat black art host dr brian goldman
1498,united,NNP,PROPN,dr anthony fauci top infectious disease specialist united state say pfizerbiontech moderna vaccine effective could crush covid pandemic spoke white coat black art host dr brian goldman
1499,state,NNP,PROPN,dr anthony fauci top infectious disease specialist united state say pfizerbiontech moderna vaccine effective could crush covid pandemic spoke white coat black art host dr brian goldman
1500,say,VBP,VERB,dr anthony fauci top infectious disease specialist united state say pfizerbiontech moderna vaccine effective could crush covid pandemic spoke white coat black art host dr brian goldman
1501,pfizerbiontech,NNP,PROPN,dr anthony fauci top infectious disease specialist united state say pfizerbiontech moderna vaccine effective could crush covid pandemic spoke white coat black art host dr brian goldman
1502,moderna,NNP,PROPN,dr anthony fauci top infectious disease specialist united state say pfizerbiontech moderna vaccine effective could crush covid pandemic spoke white coat black art host dr brian goldman
1503,vaccine,NNP,PROPN,dr anthony fauci top infectious disease specialist united state say pfizerbiontech moderna vaccine effective could crush covid pandemic spoke white coat black art host dr brian goldman
1504,effective,JJ,ADJ,dr anthony fauci top infectious disease specialist united state say pfizerbiontech moderna vaccine effective could crush covid pandemic spoke white coat black art host dr brian goldman
1505,could,MD,AUX,dr anthony fauci top infectious disease specialist united state say pfizerbiontech moderna vaccine effective could crush covid pandemic spoke white coat black art host dr brian goldman
1506,crush,VB,VERB,dr anthony fauci top infectious disease specialist united state say pfizerbiontech moderna vaccine effective could crush covid pandemic spoke white coat black art host dr brian goldman
1507,covid,JJ,ADJ,dr anthony fauci top infectious disease specialist united state say pfizerbiontech moderna vaccine effective could crush covid pandemic spoke white coat black art host dr brian goldman
1508,pandemic,JJ,ADJ,dr anthony fauci top infectious disease specialist united state say pfizerbiontech moderna vaccine effective could crush covid pandemic spoke white coat black art host dr brian goldman
1509,spoke,VBD,VERB,dr anthony fauci top infectious disease specialist united state say pfizerbiontech moderna vaccine effective could crush covid pandemic spoke white coat black art host dr brian goldman
1510,white,JJ,ADJ,dr anthony fauci top infectious disease specialist united state say pfizerbiontech moderna vaccine effective could crush covid pandemic spoke white coat black art host dr brian goldman
1511,coat,NN,NOUN,dr anthony fauci top infectious disease specialist united state say pfizerbiontech moderna vaccine effective could crush covid pandemic spoke white coat black art host dr brian goldman
1512,black,JJ,ADJ,dr anthony fauci top infectious disease specialist united state say pfizerbiontech moderna vaccine effective could crush covid pandemic spoke white coat black art host dr brian goldman
1513,art,NN,NOUN,dr anthony fauci top infectious disease specialist united state say pfizerbiontech moderna vaccine effective could crush covid pandemic spoke white coat black art host dr brian goldman
1514,host,NN,NOUN,dr anthony fauci top infectious disease specialist united state say pfizerbiontech moderna vaccine effective could crush covid pandemic spoke white coat black art host dr brian goldman
1515,dr,NNP,PROPN,dr anthony fauci top infectious disease specialist united state say pfizerbiontech moderna vaccine effective could crush covid pandemic spoke white coat black art host dr brian goldman
1516,brian,NNP,PROPN,dr anthony fauci top infectious disease specialist united state say pfizerbiontech moderna vaccine effective could crush covid pandemic spoke white coat black art host dr brian goldman
1517,goldman,NNP,PROPN,dr anthony fauci top infectious disease specialist united state say pfizerbiontech moderna vaccine effective could crush covid pandemic spoke white coat black art host dr brian goldman
1518,covid,JJ,ADJ,covid vaccine bringing infection show israela study
1519,vaccine,NN,NOUN,covid vaccine bringing infection show israela study
1520,bringing,VBG,VERB,covid vaccine bringing infection show israela study
1521,infection,NN,NOUN,covid vaccine bringing infection show israela study
1522,show,NNP,PROPN,covid vaccine bringing infection show israela study
1523,israela,NNP,PROPN,covid vaccine bringing infection show israela study
1524,study,NNP,PROPN,covid vaccine bringing infection show israela study
1525,californiaatms,NNP,PROPN,californiaatms state epidemiologist urged covid vaccine provider pause distribution one moderna vaccine lot investigate ahigher usuala number allergic reaction
1526,state,NNP,PROPN,californiaatms state epidemiologist urged covid vaccine provider pause distribution one moderna vaccine lot investigate ahigher usuala number allergic reaction
1527,epidemiologist,NN,NOUN,californiaatms state epidemiologist urged covid vaccine provider pause distribution one moderna vaccine lot investigate ahigher usuala number allergic reaction
1528,urged,VBD,VERB,californiaatms state epidemiologist urged covid vaccine provider pause distribution one moderna vaccine lot investigate ahigher usuala number allergic reaction
1529,covid,JJ,ADJ,californiaatms state epidemiologist urged covid vaccine provider pause distribution one moderna vaccine lot investigate ahigher usuala number allergic reaction
1530,vaccine,NN,NOUN,californiaatms state epidemiologist urged covid vaccine provider pause distribution one moderna vaccine lot investigate ahigher usuala number allergic reaction
1531,provider,NN,NOUN,californiaatms state epidemiologist urged covid vaccine provider pause distribution one moderna vaccine lot investigate ahigher usuala number allergic reaction
1532,pause,NN,NOUN,californiaatms state epidemiologist urged covid vaccine provider pause distribution one moderna vaccine lot investigate ahigher usuala number allergic reaction
1533,distribution,NN,NOUN,californiaatms state epidemiologist urged covid vaccine provider pause distribution one moderna vaccine lot investigate ahigher usuala number allergic reaction
1534,one,CD,NUM,californiaatms state epidemiologist urged covid vaccine provider pause distribution one moderna vaccine lot investigate ahigher usuala number allergic reaction
1535,moderna,NN,NOUN,californiaatms state epidemiologist urged covid vaccine provider pause distribution one moderna vaccine lot investigate ahigher usuala number allergic reaction
1536,vaccine,NN,NOUN,californiaatms state epidemiologist urged covid vaccine provider pause distribution one moderna vaccine lot investigate ahigher usuala number allergic reaction
1537,lot,NN,NOUN,californiaatms state epidemiologist urged covid vaccine provider pause distribution one moderna vaccine lot investigate ahigher usuala number allergic reaction
1538,investigate,VB,VERB,californiaatms state epidemiologist urged covid vaccine provider pause distribution one moderna vaccine lot investigate ahigher usuala number allergic reaction
1539,ahigher,JJ,ADJ,californiaatms state epidemiologist urged covid vaccine provider pause distribution one moderna vaccine lot investigate ahigher usuala number allergic reaction
1540,usuala,NN,NOUN,californiaatms state epidemiologist urged covid vaccine provider pause distribution one moderna vaccine lot investigate ahigher usuala number allergic reaction
1541,number,NN,NOUN,californiaatms state epidemiologist urged covid vaccine provider pause distribution one moderna vaccine lot investigate ahigher usuala number allergic reaction
1542,allergic,JJ,ADJ,californiaatms state epidemiologist urged covid vaccine provider pause distribution one moderna vaccine lot investigate ahigher usuala number allergic reaction
1543,reaction,NN,NOUN,californiaatms state epidemiologist urged covid vaccine provider pause distribution one moderna vaccine lot investigate ahigher usuala number allergic reaction
1544,interessante,VB,VERB,interessante video banned youtube dr simone gold share truth covid vaccine
1545,video,NN,NOUN,interessante video banned youtube dr simone gold share truth covid vaccine
1546,banned,VBN,VERB,interessante video banned youtube dr simone gold share truth covid vaccine
1547,youtube,NNP,PROPN,interessante video banned youtube dr simone gold share truth covid vaccine
1548,dr,NNP,PROPN,interessante video banned youtube dr simone gold share truth covid vaccine
1549,simone,NN,NOUN,interessante video banned youtube dr simone gold share truth covid vaccine
1550,gold,NN,NOUN,interessante video banned youtube dr simone gold share truth covid vaccine
1551,share,NN,NOUN,interessante video banned youtube dr simone gold share truth covid vaccine
1552,truth,NN,NOUN,interessante video banned youtube dr simone gold share truth covid vaccine
1553,covid,NNP,PROPN,interessante video banned youtube dr simone gold share truth covid vaccine
1554,vaccine,NN,NOUN,interessante video banned youtube dr simone gold share truth covid vaccine
1555,must,MD,AUX,must viewing principle vaccine program control covid via youtube
1556,viewing,VBG,VERB,must viewing principle vaccine program control covid via youtube
1557,principle,JJ,ADJ,must viewing principle vaccine program control covid via youtube
1558,vaccine,NN,NOUN,must viewing principle vaccine program control covid via youtube
1559,program,NN,NOUN,must viewing principle vaccine program control covid via youtube
1560,control,NN,NOUN,must viewing principle vaccine program control covid via youtube
1561,covid,JJ,ADJ,must viewing principle vaccine program control covid via youtube
1562,via,IN,ADP,must viewing principle vaccine program control covid via youtube
1563,youtube,NN,NOUN,must viewing principle vaccine program control covid via youtube
1564,covid,NNP,PROPN,covid vaccine protection virus outweighs potential allergy risk expert say cbc
1565,vaccine,NNP,PROPN,covid vaccine protection virus outweighs potential allergy risk expert say cbc
1566,protection,NN,NOUN,covid vaccine protection virus outweighs potential allergy risk expert say cbc
1567,virus,NNP,PROPN,covid vaccine protection virus outweighs potential allergy risk expert say cbc
1568,outweighs,NNP,PROPN,covid vaccine protection virus outweighs potential allergy risk expert say cbc
1569,potential,JJ,ADJ,covid vaccine protection virus outweighs potential allergy risk expert say cbc
1570,allergy,NNP,PROPN,covid vaccine protection virus outweighs potential allergy risk expert say cbc
1571,risk,NN,NOUN,covid vaccine protection virus outweighs potential allergy risk expert say cbc
1572,expert,NN,NOUN,covid vaccine protection virus outweighs potential allergy risk expert say cbc
1573,say,VBP,VERB,covid vaccine protection virus outweighs potential allergy risk expert say cbc
1574,cbc,NNS,NOUN,covid vaccine protection virus outweighs potential allergy risk expert say cbc
1575,spent,VBD,VERB,spent time today looking whether covid vaccine dos going waste people cannot attend appointment etc healthcare staff spoken say problem offer dos others short notice
1576,time,NN,NOUN,spent time today looking whether covid vaccine dos going waste people cannot attend appointment etc healthcare staff spoken say problem offer dos others short notice
1577,today,NN,NOUN,spent time today looking whether covid vaccine dos going waste people cannot attend appointment etc healthcare staff spoken say problem offer dos others short notice
1578,looking,VBG,VERB,spent time today looking whether covid vaccine dos going waste people cannot attend appointment etc healthcare staff spoken say problem offer dos others short notice
1579,whether,IN,SCONJ,spent time today looking whether covid vaccine dos going waste people cannot attend appointment etc healthcare staff spoken say problem offer dos others short notice
1580,covid,JJ,ADJ,spent time today looking whether covid vaccine dos going waste people cannot attend appointment etc healthcare staff spoken say problem offer dos others short notice
1581,vaccine,NN,NOUN,spent time today looking whether covid vaccine dos going waste people cannot attend appointment etc healthcare staff spoken say problem offer dos others short notice
1582,dos,NNS,NOUN,spent time today looking whether covid vaccine dos going waste people cannot attend appointment etc healthcare staff spoken say problem offer dos others short notice
1583,going,VBG,VERB,spent time today looking whether covid vaccine dos going waste people cannot attend appointment etc healthcare staff spoken say problem offer dos others short notice
1584,waste,NN,NOUN,spent time today looking whether covid vaccine dos going waste people cannot attend appointment etc healthcare staff spoken say problem offer dos others short notice
1585,people,NNS,NOUN,spent time today looking whether covid vaccine dos going waste people cannot attend appointment etc healthcare staff spoken say problem offer dos others short notice
1586,can,MD,AUX,spent time today looking whether covid vaccine dos going waste people cannot attend appointment etc healthcare staff spoken say problem offer dos others short notice
1587,not,RB,PART,spent time today looking whether covid vaccine dos going waste people cannot attend appointment etc healthcare staff spoken say problem offer dos others short notice
1588,attend,VB,VERB,spent time today looking whether covid vaccine dos going waste people cannot attend appointment etc healthcare staff spoken say problem offer dos others short notice
1589,appointment,NN,NOUN,spent time today looking whether covid vaccine dos going waste people cannot attend appointment etc healthcare staff spoken say problem offer dos others short notice
1590,etc,FW,X,spent time today looking whether covid vaccine dos going waste people cannot attend appointment etc healthcare staff spoken say problem offer dos others short notice
1591,healthcare,NN,NOUN,spent time today looking whether covid vaccine dos going waste people cannot attend appointment etc healthcare staff spoken say problem offer dos others short notice
1592,staff,NN,NOUN,spent time today looking whether covid vaccine dos going waste people cannot attend appointment etc healthcare staff spoken say problem offer dos others short notice
1593,spoken,VBN,VERB,spent time today looking whether covid vaccine dos going waste people cannot attend appointment etc healthcare staff spoken say problem offer dos others short notice
1594,say,VBP,VERB,spent time today looking whether covid vaccine dos going waste people cannot attend appointment etc healthcare staff spoken say problem offer dos others short notice
1595,problem,NN,NOUN,spent time today looking whether covid vaccine dos going waste people cannot attend appointment etc healthcare staff spoken say problem offer dos others short notice
1596,offer,VBP,VERB,spent time today looking whether covid vaccine dos going waste people cannot attend appointment etc healthcare staff spoken say problem offer dos others short notice
1597,dos,VBZ,VERB,spent time today looking whether covid vaccine dos going waste people cannot attend appointment etc healthcare staff spoken say problem offer dos others short notice
1598,others,NNS,NOUN,spent time today looking whether covid vaccine dos going waste people cannot attend appointment etc healthcare staff spoken say problem offer dos others short notice
1599,short,JJ,ADJ,spent time today looking whether covid vaccine dos going waste people cannot attend appointment etc healthcare staff spoken say problem offer dos others short notice
1600,notice,NN,NOUN,spent time today looking whether covid vaccine dos going waste people cannot attend appointment etc healthcare staff spoken say problem offer dos others short notice
1601,covid,JJ,ADJ,covid vaccine likely beneficial breastfed baby question remain via kpbsnews
1602,vaccine,NN,NOUN,covid vaccine likely beneficial breastfed baby question remain via kpbsnews
1603,likely,RB,ADV,covid vaccine likely beneficial breastfed baby question remain via kpbsnews
1604,beneficial,JJ,ADJ,covid vaccine likely beneficial breastfed baby question remain via kpbsnews
1605,breastfed,VBN,VERB,covid vaccine likely beneficial breastfed baby question remain via kpbsnews
1606,baby,NN,NOUN,covid vaccine likely beneficial breastfed baby question remain via kpbsnews
1607,question,NN,NOUN,covid vaccine likely beneficial breastfed baby question remain via kpbsnews
1608,remain,VBP,VERB,covid vaccine likely beneficial breastfed baby question remain via kpbsnews
1609,via,IN,ADP,covid vaccine likely beneficial breastfed baby question remain via kpbsnews
1610,kpbsnews,NNS,NOUN,covid vaccine likely beneficial breastfed baby question remain via kpbsnews
1611,alright,UH,INTJ,alright guy want make trip pact cuz iatmm summer covid vaccine safe people arenatmt suffering bell palsy side effect
1612,guy,NN,NOUN,alright guy want make trip pact cuz iatmm summer covid vaccine safe people arenatmt suffering bell palsy side effect
1613,want,VB,VERB,alright guy want make trip pact cuz iatmm summer covid vaccine safe people arenatmt suffering bell palsy side effect
1614,make,VB,VERB,alright guy want make trip pact cuz iatmm summer covid vaccine safe people arenatmt suffering bell palsy side effect
1615,trip,NN,NOUN,alright guy want make trip pact cuz iatmm summer covid vaccine safe people arenatmt suffering bell palsy side effect
1616,pact,NN,NOUN,alright guy want make trip pact cuz iatmm summer covid vaccine safe people arenatmt suffering bell palsy side effect
1617,cuz,IN,SCONJ,alright guy want make trip pact cuz iatmm summer covid vaccine safe people arenatmt suffering bell palsy side effect
1618,iatmm,JJ,ADJ,alright guy want make trip pact cuz iatmm summer covid vaccine safe people arenatmt suffering bell palsy side effect
1619,summer,NN,NOUN,alright guy want make trip pact cuz iatmm summer covid vaccine safe people arenatmt suffering bell palsy side effect
1620,covid,NNP,PROPN,alright guy want make trip pact cuz iatmm summer covid vaccine safe people arenatmt suffering bell palsy side effect
1621,vaccine,NN,NOUN,alright guy want make trip pact cuz iatmm summer covid vaccine safe people arenatmt suffering bell palsy side effect
1622,safe,JJ,ADJ,alright guy want make trip pact cuz iatmm summer covid vaccine safe people arenatmt suffering bell palsy side effect
1623,people,NNS,NOUN,alright guy want make trip pact cuz iatmm summer covid vaccine safe people arenatmt suffering bell palsy side effect
1624,arenatmt,NNS,NOUN,alright guy want make trip pact cuz iatmm summer covid vaccine safe people arenatmt suffering bell palsy side effect
1625,suffering,VBG,VERB,alright guy want make trip pact cuz iatmm summer covid vaccine safe people arenatmt suffering bell palsy side effect
1626,bell,NNP,PROPN,alright guy want make trip pact cuz iatmm summer covid vaccine safe people arenatmt suffering bell palsy side effect
1627,palsy,JJ,ADJ,alright guy want make trip pact cuz iatmm summer covid vaccine safe people arenatmt suffering bell palsy side effect
1628,side,NN,NOUN,alright guy want make trip pact cuz iatmm summer covid vaccine safe people arenatmt suffering bell palsy side effect
1629,effect,NN,NOUN,alright guy want make trip pact cuz iatmm summer covid vaccine safe people arenatmt suffering bell palsy side effect
